Code CAIRN,Titre,Sous-titre,Editeur,Disciplines,URL
MHC,1895,Revue d'histoire du cinéma,AFRHC,Arts; Histoire,https://shs.cairn.info/revue-1895?lang=fr
VIN,20 & 21. Revue d'histoire,,Presses de Sciences Po,Histoire; Science politique,https://shs.cairn.info/revue-vingt-et-vingt-et-un-revue-d-histoire?lang=fr
GRH,@GRH,,Association de Gestion des Ressources Humaines,Gestion,https://shs.cairn.info/revue-agrh1?lang=fr
ACO,A contrario,Revue interdisciplinaire de sciences sociales,BSN Press,Anthropologie; Science politique; Sociologie,https://shs.cairn.info/revue-a-contrario?lang=fr
ACCRA,ACCRA,Audit Comptabilité Contrôle : Recherches Appliquées,Association Francophone de Comptabilité,Gestion,https://shs.cairn.info/revue-accra?lang=fr
ARSS,Actes de la recherche en sciences sociales,,Le Seuil,Anthropologie; Sociologie,https://shs.cairn.info/revue-actes-de-la-recherche-en-sciences-sociales?lang=fr
APRP,Action publique. Recherche et pratiques,,Institut de la gestion publique et du développement économique,Science politique,https://droit.cairn.info/revue-action-publique-recherche-et-pratiques?lang=fr
AATC,Actualités en analyse transactionnelle,,Institut français d'analyse transactionnelle,Psychologie,https://shs.cairn.info/revue-actualites-en-analyse-transactionnelle?lang=fr
AMX,Actuel Marx,,Presses Universitaires de France,Économie; Philosophie; Science politique,https://shs.cairn.info/revue-actuel-marx?lang=fr
ADEN,Aden,Paul Nizan et les années trente,Association de la revue Aden,Histoire; Littérature,https://shs.cairn.info/revue-aden?lang=fr
ADMI,Administration,Revue de l'administration territoriale de l'État,L'Association du Corps préfectoral,Science politique,https://droit.cairn.info/revue-administration?lang=fr
ADMED,Administration & Éducation,,Association Française des Acteurs de l'Éducation,Science politique; Sciences de l'éducation,https://shs.cairn.info/revue-administration-et-education?lang=fr
ADOG,Adogma,,Association des Libres Penseurs de France,Intérêt général; Philosophie; Religions et spiritualité,https://shs.cairn.info/revue-adogma?lang=fr
ADO,Adolescence,,Éditions GREUPP,Psychologie,https://shs.cairn.info/revue-adolescence?lang=fr
AEDESP,ADSP,Actualité et dossier en santé publique,Presses de l'EHESP,Santé publique,https://stm.cairn.info/revue-actualite-et-dossier-en-sante-publique?lang=fr
AFCUL,Africultures,La revue des cultures africaines,Africultures,Arts,https://shs.cairn.info/revue-africultures?lang=fr
AFHI,Afrique & histoire,,Verdier,Histoire,https://shs.cairn.info/revue-afrique-et-histoire?lang=fr
AFCO1,Afrique contemporaine,La revue de l'Afrique et du développement,Association Afrique contemporaine,Géographie; Science politique,https://shs.cairn.info/revue-afrique-contemporaine?lang=fr
AEM,Afrique(s) en mouvement,,Université Internationale de Rabat,Science politique; Sociologie,https://shs.cairn.info/revue-afrique-en-mouvement?lang=fr
AGEN,Agencements,Recherches et pratiques sociales en expérimentation,Éditions du Commun,Arts; Sociologie; Travail social,https://shs.cairn.info/revue-agencements?lang=fr
AGONE,Agone,"Histoire, Politique & Sociologie",Agone,Intérêt général; Science politique; Sociologie,https://shs.cairn.info/revue-agone?lang=fr
AGORA,Agora débats/jeunesses,,Presses de Sciences Po,Sciences de l'éducation; Sociologie,https://shs.cairn.info/revue-agora-debats-jeunesses?lang=fr
ALL,Allemagne d'aujourd'hui,Revue d'information et de recherche sur l'Allemagne,Presses universitaires du Septentrion,Science politique,https://shs.cairn.info/revue-allemagne-d-aujourd-hui?lang=fr
ANV,Alternatives Non-Violentes,,Alternatives Non-Violentes,Science politique; Sociologie,https://shs.cairn.info/revue-alternatives-non-violentes?lang=fr
AMLA,Amérique latine,"Politique, Sociétés, Histoire",Association Amérique Latine,Science politique; Sociologie,https://shs.cairn.info/revue-amerique-latine?lang=fr
ANBR,Analecta Bruxellensia,,FUTP,Religions et spiritualité,https://shs.cairn.info/revue-analecta-bruxellensia?lang=fr
AFP,Analyse Freudienne Presse,,érès,Psychologie,https://shs.cairn.info/revue-analyse-freudienne-presse?lang=fr
AHAA,Annales d'Histoire de l'Art et d'Archéologie,,Editechnart,Arts; Histoire,https://shs.cairn.info/revue-annales-dhistoire-de-lart-et-darcheologie?lang=fr
ANBO,Annales de Bourgogne,,Éditions Universitaires de Dijon,Histoire,https://shs.cairn.info/revue-annales-de-bourgogne?lang=fr
ABPO,Annales de Bretagne et des pays de l'Ouest,Anjou. Maine. Poitou-Charente. Touraine,Presses universitaires de Rennes,Histoire,https://shs.cairn.info/revue-annales-de-bretagne-et-des-pays-de-l-ouest?lang=fr
ADH1,Annales de démographie historique,,Armand Colin,Histoire,https://shs.cairn.info/revue-annales-de-demographie-historique-1?lang=fr
AG,Annales de géographie,,Armand Colin,Géographie,https://shs.cairn.info/revue-annales-de-geographie?lang=fr
ANNOR,Annales de Normandie,,Association Les Annales de Normandie,Histoire,https://shs.cairn.info/revue-annales-de-normandie?lang=fr
RINDU1,Annales des Mines,"Réalités industrielles - Recherches, débats, actions",Institut Mines-Télécom,Économie,https://stm.cairn.info/revue-realites-industrielles?lang=fr
RE1,Annales des Mines,"Responsabilité & environnement - Recherches, débats, actions",Institut Mines-Télécom,Économie; Géographie; Gestion,https://stm.cairn.info/revue-responsabilite-et-environnement?lang=fr
GECO1,Annales des Mines,Gérer & comprendre,Institut Mines-Télécom,Gestion,https://shs.cairn.info/revue-gerer-et-comprendre?lang=fr
ENNU,Annales des Mines,Enjeux numériques,Institut Mines-Télécom,"Info, Communication",https://stm.cairn.info/revue-enjeux-numeriques?lang=fr
AHE,Annales historiques de l'électricité,,Victoires éditions,Histoire,https://shs.cairn.info/revue-annales-historiques-de-l-electricite?lang=fr
AHRF,Annales historiques de la Révolution française,,Armand Colin,Histoire,https://shs.cairn.info/revue-annales-historiques-de-la-revolution-francaise?lang=fr
ANNA,"Annales. Histoire, Sciences Sociales",,Éditions de l'EHESS,Anthropologie; Histoire; Sociologie,https://shs.cairn.info/revue-annales?lang=fr
ACP,Approche Centrée sur la Personne. Pratique et recherche,,ACP-PR,Psychologie,https://shs.cairn.info/revue-approche-centree-sur-la-personne?lang=fr
ATIC,Approches Théoriques en Information-Communication (ATIC),,DICEN IdF,"Gestion; Info, Communication",https://shs.cairn.info/revue-approches-theoriques-en-information-communication?lang=fr
APDEM,Après-demain,,Fondation Seligmann,Intérêt général; Science politique,https://shs.cairn.info/revue-apres-demain?lang=fr
ARSC,ArcheoSciences,,Presses universitaires de Rennes,Histoire,https://shs.cairn.info/revue-archeosciences?lang=fr
AHDLM,Archives d'histoire doctrinale et littéraire du Moyen Âge,,Vrin,Histoire; Littérature; Philosophie,https://shs.cairn.info/revue-archives-d-histoire-doctrinale-et-litteraire-du-moyen-age?lang=fr
APHI,Archives de philosophie,Recherches et documentation,Facultés Loyola Paris,Philosophie,https://shs.cairn.info/revue-archives-de-philosophie?lang=fr
APD,Archives de philosophie du droit,,Dalloz,Philosophie,https://droit.cairn.info/revue-archives-de-philosophie-du-droit?lang=fr
APC,Archives de politique criminelle,,Éditions Pédone,Science politique,https://droit.cairn.info/revue-archives-de-politique-criminelle?lang=fr
ASSR,Archives de sciences sociales des religions,,Éditions de l'EHESS,Anthropologie; Religions et spiritualité; Sociologie,https://shs.cairn.info/revue-archives-de-sciences-sociales-des-religions?lang=fr
AJ1,Archives Juives,Revue d'histoire des Juifs de France,Presses Universitaires de France,Histoire,https://shs.cairn.info/revue-archives-juives?lang=fr
RATH,Art et thérapie,,INECAT Art et thérapie,Arts; Psychologie,https://shs.cairn.info/revue-art-et-therapie?lang=fr
AUDI,Audimat,,Audimat Éditions,Arts,https://shs.cairn.info/revue-audimat?lang=fr
AUTR,Autrepart,Revue de sciences sociales au Sud,Presses de Sciences Po,Géographie; Sociologie,https://shs.cairn.info/revue-autrepart?lang=fr
BALL,Ballast,"Tenir tête, fédérer, amorcer",Hors d'atteinte,Intérêt général; Sociologie,https://shs.cairn.info/revue-ballast?lang=fr
BMI,"Bankers, Markets & Investors",,ESKA,Économie; Gestion,https://shs.cairn.info/revue-bankers-markets-et-investors?lang=fr
BIFU,Bifurcation/s,,Éditions du Croquant,Science politique; Sociologie,https://shs.cairn.info/revue-bifurcations?lang=fr
BLUE,BLUE,Bulletin des Élections de l'Union Européenne,Groupe d'études géopolitiques,Science politique,https://shs.cairn.info/revue-blue?lang=fr
BHESV,Bulletin d'histoire et d'épistémologie des sciences de la vie,,Éditions Kimé,Histoire; Philosophie,https://stm.cairn.info/revue-bulletin-d-histoire-et-d-epistemologie-des-sciences-de-la-vie?lang=fr
BEO,Bulletin d'études orientales,,Presses de l'Ifpo,Histoire,https://shs.cairn.info/revue-bulletin-d-etudes-orientales?lang=fr
PEGUY,Bulletin de l'Amitié Charles Péguy,,L'Amitié Charles Péguy,Littérature,https://shs.cairn.info/l-amitie-charles-peguy?lang=fr
BSFE,Bulletin de la société française d'égyptologie,,Société française d'égyptologie,Histoire,https://shs.cairn.info/revue-bulletin-de-la-societe-francaise-degyptologie?lang=fr
BUPSY,Bulletin de psychologie,,Groupe d'études de psychologie,Psychologie,https://shs.cairn.info/revue-bulletin-de-psychologie?lang=fr
BUBIB,Bulletin du bibliophile,,Éditions du Cercle de la Librairie,Histoire; Littérature,https://shs.cairn.info/revue-bulletin-du-bibliophile?lang=fr
BULHIS,Bulletin Hispanique,,Presses universitaires de Bordeaux,Histoire; Linguistique; Littérature,https://shs.cairn.info/revue-bulletin-hispanique?lang=fr
BRUX,Cahiers Bruxellois – Brusselse Cahiers,Revue d'histoire urbaine – Tijdschrift voor stadsgeschiedenis,Archives de la Ville de Bruxelles,Histoire,https://shs.cairn.info/revue-cahiers-bruxellois?lang=fr
CCP,Cahiers critiques de philosophie,,Hermann,Philosophie,https://shs.cairn.info/revue-cahiers-critiques-de-philosophie?lang=fr
CTF,Cahiers critiques de thérapie familiale et de pratiques de réseaux,,De Boeck Supérieur,Psychologie,https://shs.cairn.info/revue-cahiers-critiques-de-therapie-familiale?lang=fr
CADA,Cahiers d'Addoc,,ADDOC - Association des cinéastes documentaristes,Arts,https://shs.cairn.info/revue-cahiers-d-addoc?lang=fr
CAS,Cahiers d'anthropologie sociale,,Éditions de l'Herne,Anthropologie,https://shs.cairn.info/revue-cahiers-d-anthropologie-sociale?lang=fr
CHA,Cahiers d'histoire de l'aluminium,Journal for the History of Aluminium,Institut pour l'Histoire de l'Aluminium,Histoire,https://stm.cairn.info/revue-cahiers-d-histoire-de-l-aluminium?lang=fr
CMR1,"Cahiers d'histoire russe, est-européenne, caucasienne et centrasiatique",,Éditions de l'EHESS,Histoire,https://shs.cairn.info/revue-cahiers-d-histoire-russe-et-est-europeenne?lang=fr
CEP1,Cahiers d'économie politique,Histoire de la pensée et théories,Hermann,Économie,https://shs.cairn.info/revue-cahiers-d-economie-politique?lang=fr
CEA,Cahiers d'études africaines,,Éditions de l'EHESS,Anthropologie; Sociologie,https://shs.cairn.info/revue-cahiers-d-etudes-africaines?lang=fr
CEHM,Cahiers d'études hispaniques médiévales,,ENS Éditions,Histoire; Linguistique; Littérature,https://shs.cairn.info/revue-cahiers-d-etudes-hispaniques-medievales?lang=fr
CCM,Cahiers de civilisation médiévale,IXe-XIIIe siècle,Université de Poitiers,Histoire,https://shs.cairn.info/revue-cahiers-de-civilisation-medievale?lang=fr
CDC,Cahiers de Conflits,,Revue Conflits,Science politique,https://shs.cairn.info/revue-cahiers-de-conflits?lang=fr
CDD,Cahiers de danse,,La Briqueterie / CDCN du Val-de-Marne,Arts,https://shs.cairn.info/revue-cahiers-de-danse?lang=fr
CGES,Cahiers de Gestalt-thérapie,,Collège européen de Gestalt-thérapie,Psychologie,https://shs.cairn.info/revue-cahiers-de-gestalt-therapie?lang=fr
CACT,Cahiers de l'action,"Conforter les pratiques, croiser les connaissances",Institut national de la jeunesse et de l'éducation populaire,Sciences de l'éducation; Travail social,https://shs.cairn.info/revue-cahiers-de-l-action?lang=fr
CEAD,Cahiers de l'enfance et de l'adolescence,,érès,Psychologie; Travail social,https://shs.cairn.info/revue-cahiers-de-l-enfance-et-de-l-adolescence?lang=fr
IREA,Cahiers de l'IREA,,L'Harmattan,Science politique; Sociologie,https://shs.cairn.info/revue-cahiers-de-l-irea?lang=fr
CLCD,Cahiers de la LCD,Lutte Contre les Discriminations,L'Harmattan,Science politique; Sociologie; Travail social,https://shs.cairn.info/revue-cahiers-de-la-lcd-lutte-contre-les-discriminations?lang=fr
CSJ,Cahiers de la sécurité et de la justice,,Institut des hautes études du ministère de l'Intérieur,Science politique,https://droit.cairn.info/revue-cahiers-de-la-securite-et-de-la-justice?lang=fr
CAPRE1,Cahiers de PréAut,,érès,Psychologie,https://shs.cairn.info/revue-cahiers-de-preaut?lang=fr
CPC,Cahiers de psychologie clinique,,De Boeck Supérieur,Psychologie,https://shs.cairn.info/revue-cahiers-de-psychologie-clinique?lang=fr
CDR,Cahiers de récits,,Éditions des Universités de Technologie,Histoire,https://stm.cairn.info/revue-cahiers-de-recits?lang=fr
CDGE,Cahiers du Genre,,Association Féminin Masculin Recherches,Sociologie,https://shs.cairn.info/revue-cahiers-du-genre?lang=fr
CISL,Cahiers internationaux de sociolinguistique,,L'Harmattan,Linguistique,https://shs.cairn.info/revue-cahiers-internationaux-de-sociolinguistique?lang=fr
CIS,Cahiers internationaux de sociologie,,Presses Universitaires de France,Sociologie,https://shs.cairn.info/revue-cahiers-internationaux-de-sociologie?lang=fr
CISP,Cahiers ISPOLE,,Université catholique de Louvain,Science politique,https://shs.cairn.info/revue-cahiers-ispole?lang=fr
CJ,Cahiers Jaurès,,Société d'études jaurésiennes,Histoire,https://shs.cairn.info/revue-cahiers-jaures?lang=fr
CJUNG,Cahiers jungiens de psychanalyse,,Cahiers jungiens de psychanalyse,Psychologie,https://shs.cairn.info/revue-cahiers-jungiens-de-psychanalyse?lang=fr
CAPH1,Cahiers philosophiques,,Vrin,Philosophie,https://shs.cairn.info/revue-cahiers-philosophiques?lang=fr
CPM,Cahiers Pierre Michon,,Presses universitaires de Rennes,Littérature,https://shs.cairn.info/revue-cahiers-pierre-michon?lang=fr
CPHD,Cahiers poitevins d'histoire du droit,,Presses universitaires juridiques de Poitiers,Histoire,https://droit.cairn.info/revue-cahiers-poitevins-d-histoire-du-droit?lang=fr
CAPE,Cahiers pédagogiques,,CRAP - Cahiers pédagogiques,Sciences de l'éducation; Travail social,https://shs.cairn.info/revue-cahiers-pedagogiques?lang=fr
CSP,Cahiers Sens public,,Association Sens-Public,Intérêt général,https://shs.cairn.info/revue-cahiers-sens-public?lang=fr
CRPSY,Cancer(s) et psy(s),,érès,Psychologie; Santé publique,https://stm.cairn.info/revue-cancers-et-psys?lang=fr
CNMI,Carnet de notes sur les maltraitances infantiles,,Office de la naissance et de l'enfance,Psychologie; Santé publique; Sciences de l'éducation,https://shs.cairn.info/revue-carnet-de-notes-sur-les-maltraitances-infantiles?lang=fr
CDLE,Carrefours de l'éducation,,Armand Colin,Sciences de l'éducation,https://shs.cairn.info/revue-carrefours-de-l-education?lang=fr
LCDC1,CEVIPOL Working Papers,,Centre d'étude de la vie politique (CEVIPOL),Science politique,https://shs.cairn.info/revue-cevipol-working-papers?lang=fr
CHLA,Champ lacanien,Revue de psychanalyse,EPFCL-France,Psychologie,https://shs.cairn.info/revue-champ-lacanien?lang=fr
CHEV2,Che vuoi ?,Revue de psychanalyse,érès,Psychologie,https://shs.cairn.info/revue-che-vuoi?lang=fr
CHIME,Chimères,Revue des schizoanalyses,érès,Arts; Philosophie; Psychologie,https://shs.cairn.info/revue-chimeres?lang=fr
CHRI,Christus,,S.E.R.,Religions et spiritualité,https://shs.cairn.info/revue-christus?lang=fr
CHII,Chronique Internationale de l'IRES,,I.R.E.S.,Économie; Science politique,https://shs.cairn.info/revue-chronique-internationale-de-l-ires?lang=fr
CHM,Chroniques d'histoire maçonnique,,Grand Orient de France,Histoire; Religions et spiritualité,https://shs.cairn.info/revue-chroniques-d-histoire-maconnique?lang=fr
CDAP,Chroniques de l'administration publique,,Institut national du service public,Science politique,https://droit.cairn.info/revue-chroniques-de-l-administration-publique?lang=fr
CITE,Cités,"Philosophie, Politique, Histoire",Presses Universitaires de France,Intérêt général; Philosophie,https://shs.cairn.info/revue-cites?lang=fr
CIVI,Civilisations,Revue internationale d'anthropologie et de sciences humaines,Université libre de Bruxelles,Anthropologie; Sociologie,https://shs.cairn.info/revue-civilisations?lang=fr
CIVIT,Civitas Europa,,IRENEE / Université de Lorraine,Science politique,https://droit.cairn.info/revue-civitas-europa?lang=fr
CLARA,CLARA,Architecture/Recherche,Éditions de la Faculté d'Architecture La Cambre Horta,Arts,https://shs.cairn.info/revue-clara?lang=fr
CLINI,Cliniques,Paroles de praticiens en institution,érès,Psychologie,https://shs.cairn.info/revue-cliniques?lang=fr
CM,Cliniques méditerranéennes,,érès,Psychologie,https://shs.cairn.info/revue-cliniques-mediterraneennes?lang=fr
CLIO1,"Clio. Femmes, Genre, Histoire",,Belin,Anthropologie; Histoire,https://shs.cairn.info/revue-clio-femmes-genre-histoire?lang=fr
CLIOP,Cliopsy,,Association Cliopsy,Psychologie; Sciences de l'éducation,https://shs.cairn.info/revue-cliopsy?lang=fr
COMM,Commentaire,,Commentaire SA,Intérêt général; Science politique,https://shs.cairn.info/revue-commentaire?lang=fr
COMLA1,Communication & langages,,Presses Universitaires de France,"Info, Communication",https://shs.cairn.info/revue-communication-et-langages?lang=fr
COMMA,Communication & management,Revue internationale des sciences commerciales,ESKA,"Gestion; Info, Communication",https://shs.cairn.info/revue-communication-et-management?lang=fr
COMOR,Communication & Organisation,,Presses universitaires de Bordeaux,"Gestion; Info, Communication",https://shs.cairn.info/revue-communication-et-organisation?lang=fr
COMMU,Communications,,Le Seuil,"Anthropologie; Info, Communication; Sociologie",https://shs.cairn.info/revue-communications?lang=fr
COMMUN,Communio,,Association Communio,Religions et spiritualité,https://shs.cairn.info/revue-communio?lang=fr
CCA,Comptabilité Contrôle Audit,Accounting Auditing Control,Association Francophone de Comptabilité,Gestion,https://shs.cairn.info/revue-comptabilite-controle-audit?lang=fr
COME,Confluences Méditerranée,,Association soutien à la revue Confluences Méditerranée,Géographie; Science politique,https://shs.cairn.info/revue-confluences-mediterranee?lang=fr
CNX,Connexions,,érès,Psychologie,https://shs.cairn.info/revue-connexions?lang=fr
CONST,Constructif,,Fédération Française du Bâtiment,Science politique; Sociologie,https://shs.cairn.info/revue-constructif?lang=fr
CONT,Contraste,Enfance et handicap,érès,Psychologie,https://shs.cairn.info/revue-contraste?lang=fr
CORP1,Corps,,CNRS Éditions,Anthropologie; Sociologie,https://shs.cairn.info/revue-corps?lang=fr
CPSY2,Corps & Psychisme,,Association de la revue Corps & Psychisme,Psychologie,https://shs.cairn.info/revue-corps-et-psychisme?lang=fr
CRIS,Courrier hebdomadaire du CRISP,Centre de recherche et d'information socio-politiques,CRISP,Science politique,https://shs.cairn.info/revue-courrier-hebdomadaire-du-crisp?lang=fr
CRITI,Critique,,Éditions de Minuit,Intérêt général; Littérature,https://shs.cairn.info/revue-critique?lang=fr
CRII,Critique internationale,Revue comparative de sciences sociales,Presses de Sciences Po,Science politique,https://shs.cairn.info/revue-critique-internationale?lang=fr
CULC,Culture chiffres,,Ministère de la Culture - DEPS,"Économie; Info, Communication; Sociologie",https://shs.cairn.info/revue-culture-chiffres?lang=fr
CULM,Culture méthodes,,Ministère de la Culture - DEPS,"Économie; Info, Communication; Sociologie",https://shs.cairn.info/revue-culture-methodes?lang=fr
CULP,Culture prospective,,Ministère de la Culture - DEPS,"Économie; Info, Communication; Sociologie",https://shs.cairn.info/revue-culture-prospective?lang=fr
CULE,Culture études,,Ministère de la Culture - DEPS,"Économie; Info, Communication; Sociologie",https://shs.cairn.info/revue-culture-etudes?lang=fr
CC,Cultures & Conflits,,"Le Centre d'Etudes sur les Conflits, Liberté et Sécurité",Science politique; Sociologie,https://shs.cairn.info/revue-cultures-et-conflits?lang=fr
BREF,Céreq Bref,Bulletin de Recherche Emploi-Formation,Céreq,Économie; Science politique; Sciences de l'éducation,https://shs.cairn.info/revue-cereq-bref?lang=fr
ESSE,Céreq Essentiels,,Céreq,Économie; Sciences de l'éducation,https://shs.cairn.info/revue-cereq-essentiels?lang=fr
CETU,Céreq Etudes,,Céreq,Économie; Sciences de l'éducation,https://shs.cairn.info/revue-cereq-etudes?lang=fr
CEECH,Céreq Échanges,,Céreq,Économie; Science politique; Sciences de l'éducation,https://shs.cairn.info/revue-cereq-echanges?lang=fr
DARD,DARD/DARD,,Éditions de l'Attribut,Géographie; Intérêt général; Science politique,https://shs.cairn.info/revue-dard-dard?lang=fr
DEV,Devenir,Revue européenne du développement de l'enfant,Médecine & Hygiène,Psychologie; Santé publique,https://stm.cairn.info/revue-devenir?lang=fr
DIA,Dialogue,Familles & couples,érès,Psychologie,https://shs.cairn.info/revue-dialogue?lang=fr
DHA,Dialogues d'histoire ancienne,,Presses universitaires de Franche-Comté,Histoire,https://shs.cairn.info/revue-dialogues-d-histoire-ancienne?lang=fr
DIO,Diogène,Revue internationale des sciences humaines,Presses Universitaires de France,Intérêt général; Philosophie; Sociologie,https://shs.cairn.info/revue-diogene?lang=fr
DIS,Distances et savoirs,,JLE,Sciences de l'éducation,https://shs.cairn.info/revue-distances-et-savoirs?lang=fr
DHS,Dix-huitième siècle,,Société Française d'Étude du Dix-Huitième Siècle,Histoire; Littérature; Philosophie,https://shs.cairn.info/revue-dix-huitieme-siecle?lang=fr
DSS,Dix-septième siècle,,Presses Universitaires de France,Histoire; Littérature; Philosophie,https://shs.cairn.info/revue-dix-septieme-siecle?lang=fr
DN,Document numérique,,JLE,"Info, Communication",https://stm.cairn.info/revue-document-numerique?lang=fr
DOBI,Documentation et bibliothèques,,Éditions ASTED,"Info, Communication",https://shs.cairn.info/revue-documentation-et-bibliotheques?lang=fr
DSCRISP,Dossiers du CRISP,,CRISP,Science politique,https://shs.cairn.info/revue-dossiers-du-crisp?lang=fr
DRS1,Droit et société,,Lextenso,Sociologie,https://droit.cairn.info/revue-droit-et-societe?lang=fr
DV,Droit et Ville,,"Institut des Études Juridiques de l'Urbanisme, de la Construction et de l'Habitation",Géographie,https://droit.cairn.info/revue-droit-et-ville?lang=fr
DSSO,"Droit, Santé et Société",,ESKA,Santé publique,https://droit.cairn.info/revue-droit-sante-et-societe?lang=fr
DYRE,Dynamiques régionales,Revue interdisciplinaire de l'IWEPS,"L'Institut wallon de l'évaluation, de la prospective et de la statistique",Économie; Science politique,https://shs.cairn.info/revue-dynamiques-regionales?lang=fr
DM,Décisions Marketing,,EMS Éditions,Gestion,https://shs.cairn.info/revue-decisions-marketing?lang=fr
DELIB,Délibérée,Revue de réflexion critique animée par le Syndicat de la magistrature,,Intérêt général; Science politique,https://droit.cairn.info/revue-deliberee?lang=fr
DERIV,Dérivations,,urbAgora,Arts; Géographie; Sociologie,https://shs.cairn.info/revue-derivations?lang=fr
DEVEL,Développements,,De Boeck Supérieur,Psychologie,https://stm.cairn.info/revue-developpements?lang=fr
DS,Déviance et Société,,Médecine & Hygiène,Sociologie,https://shs.cairn.info/revue-deviance-et-societe?lang=fr
ECOREV,EcoRev',Revue Critique d'Écologie Politique,Association EcoRev',Géographie; Science politique,https://shs.cairn.info/revue-ecorev?lang=fr
EFF,Effeuillage,La revue qui met les médias à nu,Association Effeuillage,"Info, Communication",https://shs.cairn.info/revue-effeuillage?lang=fr
NAFRI,EISMENA,,European Institute for Studies on the Middle East and North Africa,Science politique,https://shs.cairn.info/eismena?lang=fr
EMPA,Empan,Prendre la mesure de l'humain,érès,Psychologie; Travail social,https://shs.cairn.info/revue-empan?lang=fr
ENF2,Enfance,,Presses Universitaires de France,Psychologie,https://shs.cairn.info/revue-enfance?lang=fr
EP,Enfances & Psy,,érès,Psychologie,https://shs.cairn.info/revue-enfances-et-psy?lang=fr
ENTIN,Entreprendre & Innover,,De Boeck Supérieur,Économie; Gestion,https://shs.cairn.info/revue-entreprendre-et-innover?lang=fr
EH,Entreprises et histoire,,ESKA,Économie; Gestion; Histoire,https://shs.cairn.info/revue-entreprises-et-histoire?lang=fr
ENV,Envies de changer !,La revue de la paix économique,Presses universitaires de Bordeaux,Gestion,https://shs.cairn.info/revue-envies-de-changer?lang=fr
ERS,"Environnement, Risques & Santé",,JLE,Santé publique,https://stm.cairn.info/revue-environnement-risques-et-sante?lang=fr
ESP,Espaces et sociétés,,érès,Géographie; Sociologie,https://shs.cairn.info/revue-espaces-et-societes?lang=fr
ESPRI,Esprit,,Éditions Esprit,Intérêt général; Science politique,https://shs.cairn.info/revue-esprit?lang=fr
ESS,Essaim,Revue de psychanalyse,érès,Psychologie,https://shs.cairn.info/revue-essaim?lang=fr
ETHN,Ethnologie française,,Presses Universitaires de France,Anthropologie,https://shs.cairn.info/revue-ethnologie-francaise?lang=fr
ETIC,ETI conquérantes,,École de Paris du management,Gestion,https://shs.cairn.info/revue-eti-conquerantes?lang=fr
EMI,Exils et migrations ibériques aux XXe et XXIe siècles,,Centre d'études et de recherches sur les migrations ibériques,Histoire,https://shs.cairn.info/revue-exils-et-migrations-iberiques?lang=fr
EXTRO,Extrême-Orient Extrême-Occident,,Presses universitaires de Vincennes,Histoire,https://shs.cairn.info/revue-extreme-orient-extreme-occident?lang=fr
FPSY,Feuillets psychanalytiques,,Association Lacanienne Internationale (A.L.I.),Psychologie,https://shs.cairn.info/revue-feuillets-psychanalytiques?lang=fr
FP,Figures de la psychanalyse,Logos - Anankè,érès,Psychologie,https://shs.cairn.info/revue-figures-de-la-psy?lang=fr
FINA,Finance,,Association Française de Finance,Économie; Gestion,https://shs.cairn.info/revue-finance?lang=fr
FBC,Finance & Bien Commun,Revue d'éthique financière,De Boeck Supérieur,Économie; Gestion,https://shs.cairn.info/revue-finance-et-bien-commun?lang=fr
FLUX1,Flux,Cahiers scientifiques internationaux Réseaux et territoires,Université Gustave Eiffel,Géographie; Sociologie,https://shs.cairn.info/revue-flux?lang=fr
FORM,Formation emploi,Revue française de sciences sociales,Céreq,Économie; Sciences de l'éducation; Sociologie,https://shs.cairn.info/revue-formation-emploi?lang=fr
FORUM,Forum,,Champ social,Travail social,https://shs.cairn.info/revue-forum?lang=fr
FFO,France Forum,,Société Union française,Intérêt général; Science politique; Sociologie,https://shs.cairn.info/revue-france-forum?lang=fr
FPCS,"French Politics, Culture & Society",,Berghahn Books,Science politique; Sociologie,https://shs.cairn.info/revue-french-politics-culture-and-society?lang=fr
FUTUR,Futuribles,L'anticipation au service de l'action,Futuribles,Économie; Intérêt général; Science politique; Sociologie,https://shs.cairn.info/revue-futuribles?lang=fr
GEN,Genèses,Sciences sociales et histoire,Belin,Science politique; Sociologie,https://shs.cairn.info/revue-geneses?lang=fr
GERMA,Germanica,,Université de Lille,Littérature,https://shs.cairn.info/revue-germanica?lang=fr
GER,Germinal,,Éditions Le Bord de l'eau,Intérêt général; Science politique; Sociologie,https://shs.cairn.info/revue-germinal?lang=fr
GEST,Gestalt,,Société française de Gestalt,Psychologie,https://shs.cairn.info/revue-gestalt?lang=fr
RIGES,Gestion,Revue Internationale de Gestion,HEC Montréal,Gestion,https://shs.cairn.info/revue-gestion?lang=fr
GFP,Gestion & Finances Publiques,La revue de référence des professionnels des finances publiques,Editechnart,Économie; Gestion; Science politique,https://droit.cairn.info/revue-gestion-et-finances-publiques?lang=fr
GMP,Gestion et management public,,AIRMAP,Gestion,https://shs.cairn.info/revue-gestion-et-management-public?lang=fr
GAP,Gouvernement et action publique,,Presses de Sciences Po,Science politique,https://shs.cairn.info/revue-gouvernement-et-action-publique?lang=fr
GREEN,GREEN,"Géopolitique, Réseau, Énergie, Environnement, Nature",Groupe d'études géopolitiques,Géographie; Science politique,https://shs.cairn.info/revue-green?lang=fr
GRIEF,Grief,Revue sur les mondes du droit,Éditions de l'EHESS,Intérêt général,https://droit.cairn.info/revue-grief?lang=fr
GMCC,Guerres mondiales et conflits contemporains,,Presses Universitaires de France,Histoire,https://shs.cairn.info/revue-guerres-mondiales-et-conflits-contemporains?lang=fr
GES,"Géographie, économie, société",,JLE,Économie; Géographie,https://shs.cairn.info/revue-geographie-economie-societe?lang=fr
GEOEC,Géoéconomie,,Éditions Choiseul,Économie; Géographie; Science politique,https://shs.cairn.info/revue-geoeconomie?lang=fr
GPNV,Gériatrie et Psychologie Neuropsychiatrie du Vieillissement,,JLE,Psychologie; Santé publique,https://stm.cairn.info/revue-geriatrie-et-psychologie-neuropsychiatrie-du-vieillissement?lang=fr
GS1,Gérontologie et société,,Caisse nationale d'assurance vieillesse,Santé publique; Sociologie,https://shs.cairn.info/revue-gerontologie-et-societe?lang=fr
HABI,Habitante,,Audimat Éditions,Anthropologie; Arts; Géographie; Sociologie,https://shs.cairn.info/revue-habitante?lang=fr
HEG,Hegel,La revue de santé intégrative,Association pour la revue HEGEL,Santé publique,https://stm.cairn.info/revue-hegel?lang=fr
HERM,"Hermès, La Revue","Cognition, communication, politique",CNRS Éditions,"Info, Communication; Science politique",https://shs.cairn.info/revue-hermes-la-revue?lang=fr
HETM,Histoire & mesure,,Éditions de l'EHESS,Histoire,https://shs.cairn.info/revue-histoire-et-mesure?lang=fr
HSR,Histoire & Sociétés Rurales,,Association d'histoire des sociétés rurales,Histoire,https://shs.cairn.info/revue-histoire-et-societes-rurales?lang=fr
HDLE,Histoire de l'éducation,,ENS Éditions,Histoire; Sciences de l'éducation,https://shs.cairn.info/revue-histoire-de-l-education?lang=fr
RHJ,Histoire de la justice,,Association Française pour l'Histoire de la Justice,Histoire,https://droit.cairn.info/revue-histoire-de-la-justice?lang=fr
RHU,Histoire urbaine,,Société française d'histoire urbaine,Histoire,https://shs.cairn.info/revue-histoire-urbaine?lang=fr
HERI,"Histoire, Europe et relations internationales",,UMR Sirice,Histoire; Science politique,https://shs.cairn.info/revue-histoire-europe-et-relations-internationales?lang=fr
HMC,"Histoire, monde et cultures religieuses",,Karthala,Histoire; Religions et spiritualité,https://shs.cairn.info/revue-histoire-monde-et-cultures-religieuses?lang=fr
HES,"Histoire, économie & société",Époques moderne et contemporaine,Armand Colin,Économie; Histoire,https://shs.cairn.info/revue-histoire-economie-et-societe?lang=fr
HP,Histoire@Politique,"Politique, culture, société",Centre d'histoire de Sciences Po,Histoire; Science politique,https://shs.cairn.info/revue-histoire-politique?lang=fr
HORI,Horizons stratégiques,,La Documentation française,Science politique,https://shs.cairn.info/revue-horizons-strategiques?lang=fr
HUMA,Humanisme,,Grand Orient de France,Intérêt général,https://shs.cairn.info/revue-humanisme?lang=fr
HUME,Humanisme et Entreprise,,A.A.E.L.S.H.U.P,Gestion,https://shs.cairn.info/revue-humanisme-et-entreprise?lang=fr
HYP,Hypothèses,,Éditions de la Sorbonne,Histoire,https://shs.cairn.info/revue-hypotheses?lang=fr
HER,Hérodote,Revue de géographie et de géopolitique,La Découverte,Géographie; Science politique,https://shs.cairn.info/revue-herodote?lang=fr
I2D,I2D,"Information, données & documents - Pratiques & recherches",A.D.B.S.,"Info, Communication",https://shs.cairn.info/revue-i2d-information-donnees-et-documents?lang=fr
IDEE,Idées économiques et sociales,,Réseau Canopé,Économie; Sociologie,https://shs.cairn.info/revue-idees-economiques-et-sociales?lang=fr
IKOS,Ikosim,,Association Algérienne pour la Sauvegarde et la Promotion du Patrimoine,Histoire,https://shs.cairn.info/revue-ikosim?lang=fr
IMIN,Imaginaire & Inconscient,Études psychothérapiques,L'Esprit du temps,Psychologie,https://shs.cairn.info/revue-imaginaire-et-inconscient?lang=fr
INFLE,Inflexions,Civils et militaires : pouvoir dire,Armée de terre,Intérêt général; Science politique,https://shs.cairn.info/revue-inflexions?lang=fr
INSO,Informations sociales,,Caisse nationale d'allocations familiales,Science politique; Sociologie,https://shs.cairn.info/revue-informations-sociales?lang=fr
INNO,Innovations,Revue d'économie et de management de l'innovation,De Boeck Supérieur,Économie; Gestion,https://shs.cairn.info/revue-innovations?lang=fr
INSI,Insistance,"Art, Psychanalyse, Politique",érès,Psychologie,https://shs.cairn.info/revue-insistance?lang=fr
INST,Institutions,Revue de psychothérapie institutionnelle,Fédération inter-associative,Psychologie; Travail social,https://shs.cairn.info/revue-institutions?lang=fr
JGES,Journal de gestion et d'économie de la santé,,ESKA,Économie; Gestion; Santé publique,https://shs.cairn.info/revue-journal-de-gestion-et-d-economie-de-la-sante?lang=fr
JHSI,Journal de l'hypnose et de la santé intégrative,,Dunod,Psychologie; Santé publique,https://stm.cairn.info/revue-journal-de-l-hypnose-et-de-la-sante-integrative?lang=fr
JPE,Journal de la psychanalyse de l'enfant,,Presses Universitaires de France,Psychologie,https://shs.cairn.info/revue-journal-de-la-psychanalyse-de-l-enfant?lang=fr
JSO,Journal de la Société des Océanistes,,Société des océanistes,Anthropologie; Géographie,https://shs.cairn.info/revue-journal-de-la-societe-des-oceanistes?lang=fr
A999_JDEP,Journal de Philosophie,,Institut de Recherches et d'Etudes philosophiques,Philosophie,https://shs.cairn.info/revue-journal-de-philosophie?lang=fr
JDA,Journal des anthropologues,,Association française des anthropologues,Anthropologie,https://shs.cairn.info/revue-journal-des-anthropologues?lang=fr
JDSAM,Journal du Droit de la Santé et de l'Assurance,Maladie (JDSAM),L'Institut Droit et Santé,Santé publique,https://droit.cairn.info/revue-journal-du-droit-de-la-sante-et-de-l-assurance-maladie?lang=fr
JDJ,Journal du droit des jeunes,,Association jeunesse et droit,Sciences de l'éducation; Travail social,https://droit.cairn.info/revue-journal-du-droit-des-jeunes?lang=fr
JFP,Journal français de psychiatrie,"Clinique, Scientifique & Psychanalytique",Champ social,Psychologie,https://shs.cairn.info/revue-journal-francais-de-psychiatrie?lang=fr
JIBES,Journal international de bioéthique et d'éthique des sciences,,ESKA,Philosophie; Santé publique,https://stm.cairn.info/revue-journal-international-de-bioethique-et-d-ethique-des-sciences?lang=fr
JIM,Journal of international Mobility,,Presses Universitaires de France,Sciences de l'éducation; Sociologie,https://shs.cairn.info/revue-journal-of-international-mobility?lang=fr
JALMALV,Jusqu'à la mort accompagner la vie,,Presses universitaires de Grenoble,Psychologie; Santé publique,https://shs.cairn.info/revue-jusqu-a-la-mort-accompagner-la-vie?lang=fr
BALZ,L'Année balzacienne,,Presses Universitaires de France,Littérature,https://shs.cairn.info/revue-l-annee-balzacienne?lang=fr
ARSE,L'Année de la recherche en sciences de l'éducation,,INSPÉ Paris,Sciences de l'éducation,https://shs.cairn.info/revue-l-annee-de-la-recherche-en-sciences-de-l-education?lang=fr
LAPSY,L'Année psychanalytique internationale,,In Press,Psychologie,https://shs.cairn.info/revue-l-annee-psychanalytique-internationale?lang=fr
ANPSY1,L'Année psychologique,Topics in Cognitive Psychology,Presses Universitaires de France,Psychologie,https://shs.cairn.info/revue-l-annee-psychologique?lang=fr
ANSO,L'Année sociologique,,Presses Universitaires de France,Sociologie,https://shs.cairn.info/revue-l-annee-sociologique?lang=fr
AEP,L'Année épigraphique,,Presses Universitaires de France,Histoire,https://shs.cairn.info/revue-annee-epigraphique?lang=fr
LAUTR,L'autre,"Cliniques, cultures et sociétés",La Pensée sauvage,Psychologie,https://shs.cairn.info/revue-l-autre?lang=fr
ENJE,L'en-je lacanien,,érès,Psychologie,https://shs.cairn.info/revue-l-en-je-lacanien?lang=fr
EPH,L'Enseignement philosophique,,Association des professeurs de philosophie de l'enseignement public,Philosophie,https://shs.cairn.info/revue-l-enseignement-philosophique?lang=fr
EG,L'Espace géographique,,Belin,Géographie,https://shs.cairn.info/revue-espace-geographique?lang=fr
EUFOR,L'Europe en Formation,Revue d'études sur la construction européenne et le fédéralisme,Centre international de formation européenne,Science politique,https://shs.cairn.info/revue-l-europe-en-formation?lang=fr
EMR,L'Expansion Management Review,,L'Express - Roularta,Gestion,https://shs.cairn.info/revue-l-expansion-management-review?lang=fr
LHOM,L'Homme,Revue française d'anthropologie,Éditions de l'EHESS,Anthropologie,https://shs.cairn.info/revue-l-homme?lang=fr
LHS,L'Homme & la Société,,Association pour la Recherche de Synthèse en Sciences Humaines (ARSSH),Anthropologie; Sociologie,https://shs.cairn.info/revue-l-homme-et-la-societe?lang=fr
LIG,L'Information géographique,,Armand Colin,Géographie,https://shs.cairn.info/revue-l-information-geographique?lang=fr
INLI,L'information littéraire,,Les Belles lettres,Littérature,https://shs.cairn.info/revue-l-information-litteraire?lang=fr
INPSY,L'information psychiatrique,,JLE,Psychologie,https://stm.cairn.info/revue-l-information-psychiatrique?lang=fr
RHEI1,L'irrégulière,Revue d'histoire de l'enfance,Anamosa,Histoire; Travail social,https://shs.cairn.info/revue-l-irreguliere?lang=fr
LOBS,L'Observatoire,La revue des politiques culturelles,Observatoire des politiques culturelles,"Arts; Info, Communication; Science politique",https://shs.cairn.info/revue-l-observatoire?lang=fr
OUSA,L'Ouest Saharien,,Association des Cahiers L'Ouest saharien,Anthropologie; Géographie,https://shs.cairn.info/revue-l-ouest-saharien?lang=fr
EPAR,L'école des parents,,érès,Psychologie; Sciences de l'éducation,https://shs.cairn.info/revue-l-ecole-des-parents?lang=fr
LECO,L'Économie politique,,Alternatives économiques,Économie; Science politique,https://shs.cairn.info/revue-l-economie-politique?lang=fr
LCDD,La Cause du Désir,,L'École de la Cause freudienne,Psychologie,https://shs.cairn.info/revue-la-cause-du-desir?lang=fr
CDU,La chaîne d'union,,Grand Orient de France,Religions et spiritualité,https://shs.cairn.info/revue-la-chaine-d-union?lang=fr
CLA,La clinique lacanienne,,érès,Psychologie,https://shs.cairn.info/revue-la-clinique-lacanienne?lang=fr
GEO,La Géographie,Terre des Hommes,Société de Géographie,Géographie,https://shs.cairn.info/revue-la-geographie?lang=fr
LING,La linguistique,Revue de la Société Internationale de Linguistique Fonctionnelle,Presses Universitaires de France,Linguistique,https://shs.cairn.info/revue-la-linguistique?lang=fr
LNA,La note d'analyse de France Stratégie,,France Stratégie,Économie; Science politique,https://shs.cairn.info/revue-la-note-d-analyse?lang=fr
NRESI,La nouvelle revue,Éducation et société inclusives,INSEI,Sciences de l'éducation,https://shs.cairn.info/revue-la-nouvelle-revue-education-et-societe-inclusives?lang=fr
NRF,La Nouvelle Revue française,,Gallimard,Intérêt général; Littérature,https://shs.cairn.info/la-nouvelle-revue-francaise?lang=fr
LP,La Pensée,,Fondation Gabriel Péri,Intérêt général; Philosophie,https://shs.cairn.info/revue-la-pensee?lang=fr
LPM,La pensée de midi,Revue littéraire et de débat d'idées,Actes Sud,Littérature,https://shs.cairn.info/revue-la-pensee-de-midi?lang=fr
LPE,La Pensée écologique,,Presses Universitaires de France,Géographie; Science politique,https://shs.cairn.info/revue-la-pensee-ecologique?lang=fr
PSYE,La psychiatrie de l'enfant,,Presses Universitaires de France,Psychologie,https://shs.cairn.info/revue-la-psychiatrie-de-l-enfant?lang=fr
RDLI,La Revue de l'Ires,,I.R.E.S.,Économie; Science politique; Sociologie,https://shs.cairn.info/revue-de-l-ires?lang=fr
ENER,La Revue de l'Énergie,,Conseil Français de l'Énergie,Économie,https://stm.cairn.info/revue-revue-de-l-energie?lang=fr
RDR,La Revue des revues,Histoire et actualité des revues,Ent'revues,Littérature,https://shs.cairn.info/revue-la-revue-des-revues?lang=fr
RSG,La Revue des Sciences de Gestion,Direction et gestion des entreprises,Direction et Gestion,Gestion,https://shs.cairn.info/revue-des-sciences-de-gestion?lang=fr
DOCU,La Revue Documentaires,,Association Revue Documentaires,"Arts; Info, Communication",https://shs.cairn.info/revue-documentaires?lang=fr
LRL,La revue lacanienne,,érès,Psychologie,https://shs.cairn.info/revue-la-revue-lacanienne?lang=fr
RN,La Revue Nouvelle,,Association la Revue nouvelle,Intérêt général; Science politique,https://shs.cairn.info/revue-nouvelle?lang=fr
TRIFO,La Tribune Fonda,,La Fonda,Science politique; Sociologie; Travail social,https://shs.cairn.info/la-tribune-fonda?lang=fr
LAE,Laennec,Santé Médecine Éthique,Centre Laennec,Philosophie; Religions et spiritualité; Santé publique,https://stm.cairn.info/revue-laennec?lang=fr
LS,Langage et société,,Éditions de la Maison des sciences de l'homme,Linguistique; Sociologie,https://shs.cairn.info/revue-langage-et-societe?lang=fr
LANG,Langages,,Armand Colin,Linguistique; Littérature,https://shs.cairn.info/revue-langages?lang=fr
LF,Langue française,,Armand Colin,Linguistique; Littérature,https://shs.cairn.info/revue-langue-francaise?lang=fr
LAPS,Lapsus,,érès,Psychologie,https://shs.cairn.info/revue-lapsus?lang=fr
LCP,Le Carnet Psy,,Le Carnet Psy,Psychologie,https://shs.cairn.info/revue-le-carnet-psy?lang=fr
COHE,Le Coq-héron,,érès,Psychologie,https://shs.cairn.info/revue-le-coq-heron?lang=fr
CPE,Le Courrier des pays de l'Est,,La Documentation française,Géographie; Science politique,https://shs.cairn.info/revue-le-courrier-des-pays-de-l-est?lang=fr
DIFA,Le Divan familial,Revue de psychanalyse familiale,In Press,Psychologie,https://shs.cairn.info/revue-le-divan-familial?lang=fr
DDV,Le Droit de Vivre,,Le Droit de Vivre,Intérêt général; Science politique,https://droit.cairn.info/le-droit-de-vivre?lang=fr
DEBA,Le Débat,histoire politique société,Gallimard,Intérêt général; Science politique,https://shs.cairn.info/revue-le-debat?lang=fr
LFA,Le français aujourd'hui,,Armand Colin,Linguistique; Littérature,https://shs.cairn.info/revue-le-francais-aujourd-hui?lang=fr
LGH,Le Genre humain,,Le Seuil,Histoire; Intérêt général,https://shs.cairn.info/revue-le-genre-humain?lang=fr
JEPAM,Le Journal de l'École de Paris du management,,École de Paris du management,Gestion,https://shs.cairn.info/revue-le-journal-de-l-ecole-de-paris-du-management?lang=fr
JDP,Le Journal des psychologues,,Martin Média,Psychologie,https://shs.cairn.info/revue-le-journal-des-psychologues?lang=fr
LMS1,Le Mouvement Social,,Presses de Sciences Po,Histoire; Science politique; Sociologie,https://shs.cairn.info/revue-le-mouvement-social?lang=fr
RMA,Le Moyen Âge,Revue d'histoire et de philologie,De Boeck Supérieur,Histoire,https://shs.cairn.info/revue-le-moyen-age?lang=fr
PHOIR,Le Philosophoire,Laboratoire de philosophie,Association Le Lisible et l'illisible,Philosophie,https://shs.cairn.info/revue-le-philosophoire?lang=fr
LPP,Le présent de la psychanalyse,,Presses Universitaires de France,Psychologie,https://shs.cairn.info/revue-le-present-de-la-psychanalyse?lang=fr
LSDLC,Le sujet dans la cité,,L'Harmattan,Anthropologie; Sociologie,https://shs.cairn.info/revue-le-sujet-dans-la-cite?lang=fr
TDM,Le Temps des médias,,Nouveau Monde éditions,"Histoire; Info, Communication",https://shs.cairn.info/revue-le-temps-des-medias?lang=fr
TH,Le travail humain,,Presses Universitaires de France,Anthropologie; Gestion; Sociologie,https://shs.cairn.info/revue-le-travail-humain?lang=fr
TELE,Le Télémaque,"Philosophie, Education, Société",Presses universitaires de Caen,Philosophie; Sciences de l'éducation,https://shs.cairn.info/revue-le-telemaque?lang=fr
VISIT,Le Visiteur,Revue critique d'architecture,Société française des architectes,Arts; Géographie,https://shs.cairn.info/revue-le-visiteur?lang=fr
LAP,Les Analyses de Population & Avenir,,Association Population & Avenir,Géographie; Science politique; Sociologie,https://shs.cairn.info/revue-analyses-de-population-et-avenir?lang=fr
CAAC,Les Cahiers de l'Actif,,Éditions Actif,Travail social,https://shs.cairn.info/revue-cahiers-de-l-actif?lang=fr
LCDLO,Les Cahiers de l'Orient,Revue d'études et de réflexion sur le monde arabe et musulman,Karthala,Géographie; Science politique,https://shs.cairn.info/revue-les-cahiers-de-l-orient?lang=fr
CDLJ,Les Cahiers de la Justice,,Dalloz,Science politique,https://droit.cairn.info/revue-les-cahiers-de-la-justice?lang=fr
LCS,Les Cahiers de la Shoah,,Les Belles lettres,Histoire,https://shs.cairn.info/revue-les-cahiers-de-la-shoah?lang=fr
CDRU,Les Cahiers de République universelle,Une Loge d'Études et de Recherche du Grand Orient de France,,Science politique,https://shs.cairn.info/revue-les-cahiers-de-la-republique-universelle?lang=fr
CCGC,Les Cahiers du Centre Georges Canguilhem,,Presses Universitaires de France,Philosophie,https://shs.cairn.info/revue-les-cahiers-du-centre-georges-canguilhem?lang=fr
CACR,Les Cahiers du Crash,,CRASH – La Fondation MSF,Santé publique; Travail social,https://shs.cairn.info/revue-les-cahiers-du-crash?lang=fr
CDSU,Les Cahiers du Développement Social Urbain,,Labo Cités,Géographie; Science politique; Sociologie; Travail social,https://shs.cairn.info/revue-cahiers-du-developpement-social-urbain?lang=fr
MNAM,Les Cahiers du Musée national d'art moderne,,Éditions du Centre Pompidou,Arts,https://shs.cairn.info/revue-les-cahiers-du-musee-national-d-art-moderne?lang=fr
LCN,Les Cahiers du numérique,,JLE,"Info, Communication",https://shs.cairn.info/revue-les-cahiers-du-numerique?lang=fr
LCD,Les Cahiers Dynamiques,,érès,Psychologie; Sciences de l'éducation,https://shs.cairn.info/revue-les-cahiers-dynamiques?lang=fr
CIPS,Les Cahiers Internationaux de Psychologie Sociale,,Presses universitaires de Liège,Psychologie,https://shs.cairn.info/revue-les-cahiers-internationaux-de-psychologie-sociale?lang=fr
CAPO,Les Cahiers Portalis,Revue française d'études et de débats juridiques,Presses Universitaires de France,Philosophie,https://droit.cairn.info/revue-les-cahiers-portalis?lang=fr
CEPM,Les Carnets de l'École de Paris du management,,École de Paris du management,Gestion,https://shs.cairn.info/revue-les-carnets-de-l-ecole-de-paris-du-management?lang=fr
LCDM,Les Champs de Mars,Revue d'études sur la guerre et la paix,Presses de Sciences Po,Science politique,https://shs.cairn.info/revue-les-champs-de-mars?lang=fr
ENIC,Les Enjeux de l'information et de la communication,,GRESEC,"Info, Communication",https://shs.cairn.info/revue-les-enjeux-de-l-information-et-de-la-communication?lang=fr
LSPF,Les Lettres de la SPF,,Éditions Campagne Première,Psychologie,https://shs.cairn.info/revue-les-lettres-de-la-spf?lang=fr
LPS,Les Politiques Sociales,,Service social dans le Monde,Science politique; Sociologie; Travail social,https://shs.cairn.info/revue-les-politiques-sociales?lang=fr
LSDLE,Les Sciences de l'éducation,Pour l'Ère nouvelle,CIRNEF,Sciences de l'éducation,https://shs.cairn.info/revue-les-sciences-de-l-education-pour-l-ere-nouvelle?lang=fr
LTM,Les Temps Modernes,,Gallimard,Intérêt général; Science politique,https://shs.cairn.info/revue-les-temps-modernes?lang=fr
TQR,Les Temps qui restent,,Pour les Temps qui restent,Intérêt général; Philosophie; Science politique,https://shs.cairn.info/revue-les-temps-qui-restent?lang=fr
SEVE1,Les Tribunes de la santé,Sève,JLE,Santé publique; Science politique,https://stm.cairn.info/les-tribunes-de-la-sante1?lang=fr
LEPH,Les Études philosophiques,,Presses Universitaires de France,Philosophie,https://shs.cairn.info/revue-les-etudes-philosophiques?lang=fr
ETSOC,Les Études Sociales,,Société d'économie et de science sociales,Sociologie,https://shs.cairn.info/revue-les-etudes-sociales?lang=fr
LCPP,Libres cahiers pour la psychanalyse,,In Press,Psychologie,https://shs.cairn.info/revue-libres-cahiers-pour-la-psychanalyse?lang=fr
LIGE,Ligeia,Dossiers sur l'Art,Éditions Ligeia,Arts,https://shs.cairn.info/revue-ligeia?lang=fr
LIGNES,Lignes,,Éditions Lignes,Intérêt général; Philosophie,https://shs.cairn.info/revue-lignes?lang=fr
LITT,Littérature,,Armand Colin,Littérature,https://shs.cairn.info/revue-litterature?lang=fr
LICLA1,Littératures classiques,,Presses universitaires du Midi,Littérature,https://shs.cairn.info/revue-litteratures-classiques?lang=fr
LV,Lumen Vitae,,Université catholique de Louvain,Religions et spiritualité,https://shs.cairn.info/revue-lumen-vitae?lang=fr
LUMI,Lumières,,Presses universitaires de Bordeaux,Histoire; Littérature; Philosophie,https://shs.cairn.info/revue-lumieres?lang=fr
LEGIP,Légipresse,Hors-séries,Dalloz,"Info, Communication",https://droit.cairn.info/revue-legipresse?lang=fr
MANA,M@n@gement,,AIMS,Gestion,https://shs.cairn.info/revue-management?lang=fr
MACHR,Maghreb,Machrek,ESKA,Géographie; Science politique,https://shs.cairn.info/revue-maghreb-machrek?lang=fr
MAV,Management & Avenir,,Management Prospective Éditions,Gestion,https://shs.cairn.info/revue-management-et-avenir?lang=fr
PEDA,Management & Avenir,PedagogiA,Management Prospective Éditions,Sciences de l'éducation,https://shs.cairn.info/revue-pedagogia?lang=fr
MAVS,Management & Avenir – Santé & Environnement,,Management Prospective Éditions,Gestion; Santé publique,https://shs.cairn.info/revue-management-et-avenir-sante?lang=fr
G12000,Management & Prospective,Gestion 2000,ICHEC Brussels Management School,Gestion,https://shs.cairn.info/revue-management-et-prospective?lang=fr
MSS,Management & Sciences Sociales,,ISTEC,Gestion,https://shs.cairn.info/revue-management-et-sciences-sociales?lang=fr
MTO,Management des technologies organisationnelles,,Les Presses des Mines,"Gestion; Info, Communication",https://shs.cairn.info/revue-management-des-technologies-organisationnelles?lang=fr
MAORG,Marché et organisations,,Réseau de recherche sur l'innovation,Économie; Gestion,https://shs.cairn.info/revue-marche-et-organisations?lang=fr
MARG,Marges,Revue d'art contemporain,Presses universitaires de Vincennes,Arts,https://shs.cairn.info/revue-marges?lang=fr
MATE,Matériaux pour l'histoire de notre temps,,La contemporaine,Histoire; Science politique,https://shs.cairn.info/revue-materiaux-pour-l-histoire-de-notre-temps?lang=fr
MIGRA,Migrations Société,,Centre d'Information et d'Etudes sur les Migrations Internationales,Science politique; Sociologie,https://shs.cairn.info/revue-migrations-societe?lang=fr
MNC,Mil neuf cent. Revue d'histoire intellectuelle,,Société d'études soréliennes,Histoire,https://shs.cairn.info/revue-mil-neuf-cent?lang=fr
MOCHI,Monde chinois,Nouvelle Asie,ESKA,Géographie; Science politique,https://shs.cairn.info/revue-monde-chinois?lang=fr
MOCO,Monde commun,Des anthropologues dans la cité,Presses Universitaires de France,Anthropologie,https://shs.cairn.info/revue-monde-commun?lang=fr
MOND1,Monde(s),"Histoire, Espaces, Relations",Presses universitaires de Rennes,Histoire,https://shs.cairn.info/revue-mondes?lang=fr
MOMI,Mondes & Migrations,,Musée de l'histoire de l'immigration,Histoire; Sociologie,https://shs.cairn.info/revue-mondes-et-migrations?lang=fr
MACHR2,Mondes arabes,Revue de sciences sociales du politique des mondes arabes & musulmans,Presses de Sciences Po,Géographie; Science politique,https://shs.cairn.info/revue-mondes-arabes?lang=fr
MED,Mondes en développement,,De Boeck Supérieur,Économie; Géographie; Science politique,https://shs.cairn.info/revue-mondes-en-developpement?lang=fr
MOTS,Mots. Les langages du politique,,ENS Éditions,Linguistique; Science politique; Sociologie,https://shs.cairn.info/revue-mots?lang=fr
MOUV,Mouvements,Des idées et des luttes,La Découverte,Intérêt général; Science politique; Sociologie,https://shs.cairn.info/revue-mouvements?lang=fr
SM,Movement & Sport Sciences,Science & Motricité,EDP Sciences,Sport et société,https://stm.cairn.info/revue-movement-and-sport-sciences?lang=fr
MULT,Multitudes,,Association Multitudes,Intérêt général; Science politique,https://shs.cairn.info/revue-multitudes?lang=fr
MUSUR,Musurgia,Analyse et pratique musicales,ESKA,Arts,https://shs.cairn.info/revue-musurgia?lang=fr
MEPH,Médecine et Philosophie,,Médecine et Philosophie,Philosophie,https://stm.cairn.info/revue-medecine-et-philosophie?lang=fr
MEDI,Méditerranée,,Presses universitaires de Provence,Géographie,https://shs.cairn.info/revue-mediterranee?lang=fr
MEDIU,Médium,Transmettre pour innover,Association Médium,"Info, Communication; Intérêt général",https://shs.cairn.info/revue-medium?lang=fr
MEDIE,Médiévales,,Presses universitaires de Vincennes,Histoire,https://shs.cairn.info/revue-medievales?lang=fr
MEM,Mémoires,,Centre Primo Levi,Psychologie,https://shs.cairn.info/revue-memoires?lang=fr
NAPO,Napoleonica. La Revue,Revue internationale d'histoire des deux Empires napoléoniens,Fondation Napoléon,Histoire,https://shs.cairn.info/revue-napoleonica-la-revue?lang=fr
NAQD,NAQD,Revue d'Etudes et de Critique Sociale,NAQD,Intérêt général; Sociologie,https://shs.cairn.info/revue-naqd?lang=fr
NSS,Natures Sciences Sociétés,,EDP Sciences,Économie; Géographie; Sociologie,https://stm.cairn.info/revue-natures-sciences-societes?lang=fr
NECT,NECTART,,Éditions de l'Attribut,Arts; Intérêt général,https://shs.cairn.info/revue-nectart?lang=fr
NOMOP,Nomopolis,,Centre Jean Bodin,Science politique,https://droit.cairn.info/nomopolis?lang=fr
NORD,Nord',Revue de critique littéraire des Hauts-de-France,Société de Littératures de Langue Française,Littérature,https://shs.cairn.info/revue-nord?lang=fr
NOR,Norois,Environnement - Aménagement - Société,Presses universitaires de Rennes,Géographie; Sociologie,https://shs.cairn.info/revue-norois?lang=fr
NCAE,Notes du conseil d'analyse économique,,Conseil d'analyse économique,Économie,https://shs.cairn.info/revue-notes-du-conseil-d-analyse-economique?lang=fr
NRE,Nouvelle revue d'esthétique,,Presses Universitaires de France,Arts; Philosophie,https://shs.cairn.info/revue-nouvelle-revue-d-esthetique?lang=fr
NREA,Nouvelle Revue de l'Enfance et de l'Adolescence,,L'Harmattan,Psychologie,https://shs.cairn.info/revue-nouvelle-revue-de-l-enfance-et-de-l-adolescence?lang=fr
NRP,Nouvelle revue de psychosociologie,,érès,Psychologie,https://shs.cairn.info/revue-nouvelle-revue-de-psychosociologie?lang=fr
NRT,Nouvelle revue théologique,,Nouvelle revue théologique ASBL,Religions et spiritualité,https://shs.cairn.info/revue-nouvelle-revue-theologique?lang=fr
NF,Nouvelles FondationS,,Fondation Gabriel Péri,Philosophie; Science politique,https://shs.cairn.info/revue-nouvelles-fondations?lang=fr
NQF,Nouvelles Questions Féministes,,Éditions Antipodes,Sociologie,https://shs.cairn.info/revue-nouvelles-questions-feministes?lang=fr
NEG,Négociations,"Conflit, décision et délibération",De Boeck Supérieur,Gestion; Science politique,https://shs.cairn.info/revue-negociations?lang=fr
ORA,Orages,Littérature et culture 1760-1830,Revue Orages,Histoire; Littérature,https://shs.cairn.info/revue-orages?lang=fr
OTRA,Otrante,,Presses universitaires de Rennes,Littérature,https://shs.cairn.info/revue-otrante?lang=fr
OM,Outre-Mers,Revue d'histoire coloniale et impériale,Société Française d'Histoire d'Outre-Mer,Histoire,https://shs.cairn.info/revue-outre-mers?lang=fr
OUTE2,Outre-Terre,Revue européenne de géopolitique,Ghazipur,Géographie; Science politique,https://shs.cairn.info/revue-outre-terre?lang=fr
PAN,PANARD,,Éditions de l'Attribut,Sport et société,https://shs.cairn.info/revue-panard?lang=fr
PARDE,Pardès,Études et culture juives,In Press,Histoire; Religions et spiritualité,https://shs.cairn.info/revue-pardes?lang=fr
PARL2,"Parlement[s], Revue d'histoire politique",,Presses universitaires de Rennes,Histoire; Science politique,https://shs.cairn.info/revue-parlements?lang=fr
PARTA,Partances,,Association Vacances ouvertes,Sciences de l'éducation; Sociologie; Sport et société; Travail social,https://shs.cairn.info/revue-partances?lang=fr
PARTI,Participations,Revue de sciences sociales sur la démocratie et la citoyenneté,Institut de sciences politiques,Science politique,https://shs.cairn.info/revue-participations?lang=fr
PES,Paysans & société,,Revue Paysans et Société,Géographie; Sociologie,https://shs.cairn.info/revue-paysan-et-societe?lang=fr
PCM,PCM – Pour Construire un Monde durable,ex Ponts et Chaussées Magazine,"Union des Ingénieurs des Ponts, des Eaux et des Forêts",Science politique,https://stm.cairn.info/revue-pcm-pour-construire-un-monde-durable?lang=fr
PP,Pensée plurielle,"Parole, pratiques et réflexions du social",De Boeck Supérieur,Sociologie; Travail social,https://shs.cairn.info/revue-pensee-plurielle?lang=fr
PPSY,Perspectives Psy,,EDP Sciences,Psychologie,https://shs.cairn.info/revue-perspectives-psy?lang=fr
PERS,Perspectives économiques de l'OCDE,,Éditions de l'OCDE,Économie,https://shs.cairn.info/revue-perspectives-economiques-de-l-ocde?lang=fr
SCIE,Philosophia Scientiæ,Travaux d'histoire et de philosophie des sciences,Université de Nancy 2,Philosophie,https://shs.cairn.info/revue-philosophia-scientiae?lang=fr
PHILO,Philosophie,,Éditions de Minuit,Philosophie,https://shs.cairn.info/revue-philosophie?lang=fr
PHRON,Phronesis,,Revue Phronesis,Sciences de l'éducation,https://shs.cairn.info/revue-phronesis?lang=fr
PINC,Pin Code,Revue internationale de la propriété intellectuelle et du droit du numérique,Dalloz,"Info, Communication",https://droit.cairn.info/revue-pincode?lang=fr
PLD,Plein droit,La revue du GISTI,GISTI,Sociologie; Travail social,https://droit.cairn.info/revue-plein-droit?lang=fr
POESI,Po&sie,,Belin,Littérature,https://shs.cairn.info/revue-poesie?lang=fr
POLAF,Politique africaine,,Karthala,Science politique,https://shs.cairn.info/revue-politique-africaine?lang=fr
POLAM,Politique américaine,,L'Harmattan,Science politique,https://shs.cairn.info/revue-politique-americaine?lang=fr
POEU,Politique européenne,,Association Politique européenne,Science politique,https://shs.cairn.info/revue-politique-europeenne?lang=fr
PE,Politique étrangère,,Institut français des relations internationales,Science politique,https://shs.cairn.info/revue-politique-etrangere?lang=fr
PMP,Politiques & management public,,JLE,Gestion; Science politique,https://shs.cairn.info/revue-politiques-et-management-public?lang=fr
PDC,Politiques de communication,,Presses universitaires de Grenoble,"Info, Communication; Science politique; Sociologie",https://shs.cairn.info/revue-politiques-de-communication?lang=fr
POL,Politiques et gestion de l'enseignement supérieur,,Éditions de l'OCDE,Économie; Gestion; Science politique; Sciences de l'éducation,https://shs.cairn.info/revue-politiques-et-gestion-de-l-enseignement-superieur?lang=fr
POX,Politix,Revue des sciences sociales du politique,De Boeck Supérieur,Science politique; Sociologie,https://shs.cairn.info/revue-politix?lang=fr
POPU,Population,,Ined Éditions,Géographie; Santé publique; Sociologie,https://shs.cairn.info/revue-population?lang=fr
POPAV,Population & Avenir,,Association Population & Avenir,Géographie; Science politique; Sociologie,https://shs.cairn.info/revue-population-et-avenir?lang=fr
POPSOC,Population & Sociétés,,Ined Éditions,Géographie; Sociologie,https://shs.cairn.info/revue-population-et-societes?lang=fr
POUR,Pour,"La revue du Groupe Ruralités, Éducation et Politiques",GREP,Économie; Géographie; Sociologie,https://shs.cairn.info/revue-pour?lang=fr
POUV,Pouvoirs,Revue française d'études constitutionnelles et politiques,Le Seuil,Science politique,https://droit.cairn.info/revue-pouvoirs?lang=fr
POETI,Poétique,,Le Seuil,Littérature,https://shs.cairn.info/revue-poetique?lang=fr
PSM,Pratiques en santé mentale,,Champ social,Psychologie; Santé publique,https://shs.cairn.info/revue-pratique-en-sante-mentale?lang=fr
POS,Pratiques et Organisation des Soins,,CNAMTS,Santé publique,https://stm.cairn.info/revue-pratiques-et-organisation-des-soins?lang=fr
PRAT,"Pratiques, les cahiers de la médecine utopique",,Revue pratiques,Santé publique; Travail social,https://stm.cairn.info/revue-pratiques?lang=fr
PRISM,Prismes,Théorie critique,Éditions Kimé,Philosophie,https://shs.cairn.info/revue-prismes?lang=fr
POC,Proche-Orient Chrétien,Revue œcuménique d'études et d'informations,Université Saint-Joseph,Religions et spiritualité,https://shs.cairn.info/revue-proche-orient-chretien?lang=fr
PROJ,Projectics / Proyéctica / Projectique,,De Boeck Supérieur,Gestion,https://shs.cairn.info/revue-projectique?lang=fr
PROP,Propos,,Institut Cité Écologique,Intérêt général; Science politique,https://shs.cairn.info/revue-propos?lang=fr
PSTRAT,Prospective et stratégie,,APORS Éditions,Science politique,https://shs.cairn.info/revue-prospective-et-strategie?lang=fr
PRESA,Présence Africaine,,Éditions Présence Africaine,Histoire; Littérature,https://shs.cairn.info/revue-presence-africaine?lang=fr
PH,Présence haptonomique,"Dans la science, les arts et la culture",CIRDH – France,Psychologie; Santé publique,https://shs.cairn.info/revue-presence-haptonomique?lang=fr
PSN,PSN,"Psychiatrie, Sciences humaines, Neurosciences",Éditions Matériologiques,Psychologie,https://shs.cairn.info/revue-psn?lang=fr
PSCA,Psy Cause,,Psy Cause International,Psychologie,https://shs.cairn.info/revue-psy-cause?lang=fr
PSYET,Psychanalyse YETU,,érès,Psychologie,https://shs.cairn.info/revue-psychanalyse-yetu?lang=fr
PCLI,Psychologie Clinique,,EDP Sciences,Psychologie,https://shs.cairn.info/revue-psychologie-clinique?lang=fr
PCP,Psychologie clinique et projective,,érès,Psychologie,https://shs.cairn.info/revue-psychologie-clinique-et-projective?lang=fr
PEP,Psychologues et Psychologies,,Syndicat National des Psychologues,Psychologie,https://shs.cairn.info/revue-psychologues-et-psychologies?lang=fr
PSYR,Psychosomatique relationnelle,,Centre international de psychosomatique,Psychologie,https://shs.cairn.info/revue-psychosomatique-relationnelle?lang=fr
PSYS,Psychothérapies,,Médecine & Hygiène,Psychologie,https://shs.cairn.info/revue-psychotherapies?lang=fr
PSYT,Psychotropes,Revue internationale des toxicomanies et des addictions,De Boeck Supérieur,Psychologie; Travail social,https://shs.cairn.info/revue-psychotropes?lang=fr
PMED,Pédagogie médicale,,EDP Sciences,Santé publique,https://stm.cairn.info/revue-pedagogie-medicale?lang=fr
PERNA,Périnatalité,,JLE,Santé publique,https://stm.cairn.info/revue-perinatalite?lang=fr
PSUD,Pôle Sud,Revue de science politique de l'Europe méridionale,CEPEL,Science politique,https://shs.cairn.info/revue-pole-sud?lang=fr
QUAD,Quaderni,"Communication, technologies, pouvoir",Éditions de la Maison des sciences de l'homme,"Info, Communication; Science politique",https://shs.cairn.info/revue-quaderni?lang=fr
QDM,Question(s) de management,,EMS Éditions,Gestion,https://shs.cairn.info/revue-questions-de-management?lang=fr
QDC,Questions de communication,,Éditions de l'Université de Lorraine,"Info, Communication; Science politique",https://shs.cairn.info/revue-questions-de-communication?lang=fr
RPRE,Raison présente,,Union rationaliste,Intérêt général,https://shs.cairn.info/revue-raison-presente?lang=fr
RPUB1,Raison publique,"Arts, politique et société",Éditions Raison publique,Philosophie,https://shs.cairn.info/revue-raison-publique?lang=fr
RAI,Raisons politiques,Études de pensée politique,Presses de Sciences Po,Science politique,https://shs.cairn.info/revue-raisons-politiques?lang=fr
RAISED,Raisons éducatives,,Université de Genève,Sciences de l'éducation,https://shs.cairn.info/revue-raisons-educatives?lang=fr
RSI,Recherche en soins infirmiers,,Association de Recherche en Soins Infirmiers,Santé publique,https://stm.cairn.info/revue-recherche-en-soins-infirmiers?lang=fr
RCSG,Recherche et Cas en Sciences de Gestion,,EMS Éditions,Gestion,https://shs.cairn.info/revue-recherche-et-cas-en-sciences-de-gestion?lang=fr
RECSOC,Recherche sociale,,FORS-Recherche Sociale,Sociologie,https://shs.cairn.info/revue-recherche-sociale?lang=fr
RSR,Recherches de Science Religieuse,,Facultés Loyola Paris,Religions et spiritualité,https://shs.cairn.info/revue-recherches-de-science-religieuse?lang=fr
RDID1,Recherches en didactiques,Les Cahiers Théodile,Université de Lille,Sciences de l'éducation,https://shs.cairn.info/revue-recherches-en-didactiques?lang=fr
REE,Recherches en Esthétique,,C.E.R.E.A.P.,Arts; Philosophie,https://shs.cairn.info/revue-recherches-en-esthetique?lang=fr
REP2,Recherches en psychanalyse,,"Laboratoire CRPMS, Université de Paris",Psychologie,https://shs.cairn.info/revue-recherches-en-psychanalyse?lang=fr
RESG,Recherches en Sciences de Gestion,Management Sciences - Ciencias de Gestión,ISEOR,Gestion,https://shs.cairn.info/revue-recherches-en-sciences-de-gestion?lang=fr
RF,Recherches familiales,,Union nationale des associations familiales,Sociologie,https://shs.cairn.info/revue-recherches-familiales?lang=fr
REIN,Recherches internationales,,Association Paul Langevin,Science politique,https://shs.cairn.info/revue-recherches-internationales?lang=fr
RDE,Recherches sur Diderot et sur l'Encyclopédie,,Société Diderot,Histoire,https://shs.cairn.info/revue-recherches-sur-diderot-et-sur-l-encyclopedie?lang=fr
REL,Recherches économiques de Louvain,Louvain economic review,De Boeck Supérieur,Économie,https://shs.cairn.info/revue-recherches-economiques-de-louvain?lang=fr
RECMA,RECMA,Revue internationale de l'économie sociale,Éditions Le Bord de l'eau,Économie; Science politique,https://shs.cairn.info/revue-recma?lang=fr
RED,RED,La Revue Européenne du Droit,Groupe d'études géopolitiques,Science politique,https://droit.cairn.info/revue-red?lang=fr
RPVE,Reflets et perspectives de la vie économique,,De Boeck Supérieur,Économie,https://shs.cairn.info/revue-reflets-et-perspectives-de-la-vie-economique?lang=fr
REGAR,Regards,Protection sociale,EN3S-École nationale supérieure de Sécurité sociale,Santé publique; Sociologie; Travail social,https://shs.cairn.info/revue-regards?lang=fr
RCE,Regards croisés sur l'économie,,La Découverte,Économie,https://shs.cairn.info/revue-regards-croises-sur-l-economie?lang=fr
REA,Regards sur l'économie allemande,Bulletin économique du CIRAC,CIRAC,Économie,https://shs.cairn.info/revue-regards-sur-l-economie-allemande?lang=fr
RI,Relations internationales,,Presses Universitaires de France,Histoire; Science politique,https://shs.cairn.info/revue-relations-internationales?lang=fr
RELI,Reliance,"Revue des situations de handicap, de l'éducation et des sociétés",érès,Psychologie; Sciences de l'éducation; Sociologie; Travail social,https://shs.cairn.info/revue-reliance?lang=fr
RS1,Retraite et société,,Caisse nationale d'assurance vieillesse,Sociologie; Travail social,https://shs.cairn.info/revue-retraite-et-societe?lang=fr
RAMAP,Revue africaine de management public,,AIRMAP,Gestion,https://droit.cairn.info/revue-africaine-de-management-public?lang=fr
RRASJAP,"Revue Africaine des Sciences Juridiques, Administratives et Politiques",,Revue Africaine des Sciences Juridiques,Science politique,https://droit.cairn.info/revue-africaine-des-sciences-juridiques-administratives-et-politiques?lang=fr
RASP,Revue Africaine des Sciences Sociales et de la Santé Publique,,Bamako Institut,Santé publique; Science politique,https://stm.cairn.info/revue-africaine-des-sciences-sociales-et-de-la-sante-publique?lang=fr
ARCH,Revue archéologique,,Presses Universitaires de France,Histoire,https://shs.cairn.info/revue-archeologique?lang=fr
RAVS,Revue Audiovisuelle de la Valorisation des Savoirs Scientifiques,,RAVS,Gestion; Intérêt général,https://shs.cairn.info/revue-audiovisuelle-de-la-valorisation-des-savoirs-scientifiques?lang=fr
RBP,Revue Belge de Psychanalyse,,Association pour les Publications et la Recherche en Psychanalyse,Psychologie,https://shs.cairn.info/revue-belge-de-psychanalyse?lang=fr
CONFL,Revue CONFLUENCE : Sciences & Humanités,,Unité de Recherche CONFLUENCE : Sciences et Humanités,Philosophie,https://shs.cairn.info/revue-confluence?lang=fr
RCG,Revue Congolaise de Gestion,,Éditions ICES,Gestion,https://shs.cairn.info/revue-congolaise-de-gestion?lang=fr
RAC,Revue d'anthropologie des connaissances,,S.A.C.,"Anthropologie; Info, Communication",https://shs.cairn.info/revue-anthropologie-des-connaissances?lang=fr
RACO,Revue d'archéologie contemporaine,,Association Française de Recherche en Archéologie,Histoire,https://shs.cairn.info/revue-revue-d-archeologie-contemporaine?lang=fr
ASSY,Revue d'assyriologie et d'archéologie orientale,,Presses Universitaires de France,Histoire,https://shs.cairn.info/revue-d-assyriologie?lang=fr
JEHRHE,Revue d'Histoire de l'Énergie,,Comité d'histoire de l'électricité et de l'énergie,Histoire,https://stm.cairn.info/revue-d-histoire-de-l-energie?lang=fr
RHPS,Revue d'histoire de la protection sociale,,Comité d'histoire de la sécurité sociale,Histoire; Santé publique,https://shs.cairn.info/revue-d-histoire-de-la-protection-sociale?lang=fr
RHSHO,Revue d'Histoire de la Shoah,,Mémorial de la Shoah,Histoire,https://shs.cairn.info/revue-d-histoire-de-la-shoah?lang=fr
RHS,Revue d'histoire des sciences,,Armand Colin,Histoire,https://shs.cairn.info/revue-d-histoire-des-sciences?lang=fr
RHSH,Revue d'Histoire des Sciences Humaines,,Éditions Sciences Humaines,Histoire,https://shs.cairn.info/revue-histoire-des-sciences-humaines?lang=fr
RHD,Revue d'Histoire Diplomatique,,Éditions Pédone,Histoire; Science politique,https://shs.cairn.info/revue-d-histoire-diplomatique?lang=fr
DNS,Revue d'histoire du XIXe siècle,,Société de 1848,Histoire,https://shs.cairn.info/revue-d-histoire-du-dix-neuvieme-siecle?lang=fr
RHLF,Revue d'histoire littéraire de la France,,Presses Universitaires de France,Histoire; Littérature,https://shs.cairn.info/revue-d-histoire-litteraire-de-la-france?lang=fr
RHMC,Revue d'histoire moderne & contemporaine,,Belin,Histoire,https://shs.cairn.info/revue-d-histoire-moderne-et-contemporaine?lang=fr
RHN,Revue d'histoire nordique,,Presses universitaires du Midi,Histoire,https://shs.cairn.info/revue-revue-d-histoire-nordique?lang=fr
EDD,Revue d'économie du développement,,De Boeck Supérieur,Économie; Géographie; Science politique,https://shs.cairn.info/revue-d-economie-du-developpement?lang=fr
ECOFI,Revue d'économie financière,,Association Europe Finances Régulations,Économie,https://shs.cairn.info/revue-d-economie-financiere?lang=fr
REI,Revue d'économie industrielle,,De Boeck Supérieur,Économie,https://shs.cairn.info/revue-d-economie-industrielle?lang=fr
REDP,Revue d'économie politique,,Dalloz,Économie; Science politique,https://shs.cairn.info/revue-d-economie-politique?lang=fr
RERU,Revue d'Économie Régionale & Urbaine,,Armand Colin,Économie,https://shs.cairn.info/revue-d-economie-regionale-et-urbaine?lang=fr
RETM,Revue d'éthique et de théologie morale,,Éditions du Cerf,Religions et spiritualité,https://shs.cairn.info/revue-d-ethique-et-de-theologie-morale?lang=fr
RECEO1,Revue d'études comparatives Est-Ouest,,Presses Universitaires de France,Géographie; Science politique,https://shs.cairn.info/revue-d-etudes-comparatives-est-ouest?lang=fr
REPA,Revue d'études palestiniennes,,Institut des études palestiniennes,Histoire; Science politique,https://shs.cairn.info/revue-d-etudes-palestiniennes?lang=fr
GRHU,Revue de gestion des ressources humaines,,ESKA,Gestion,https://shs.cairn.info/revue-de-gestion-des-ressources-humaines?lang=fr
RDA,Revue de l'art,,Éditions Ophrys,Arts; Histoire,https://shs.cairn.info/revue-de-l-art?lang=fr
READ,Revue de l'enfance et de l'adolescence,RAFEF-GRAPE,érès,Psychologie,https://shs.cairn.info/revue-de-l-enfance-et-de-l-adolescence?lang=fr
ENTRE,Revue de l'Entrepreneuriat / Review of Entrepreneurship,,Académie de l'Entrepreneuriat et de l'Innovation,Économie; Gestion,https://shs.cairn.info/revue-de-l-entrepreneuriat?lang=fr
RHR,Revue de l'histoire des religions,,Armand Colin,Histoire; Religions et spiritualité,https://shs.cairn.info/revue-de-l-histoire-des-religions?lang=fr
CAD,Revue de l'OCDE sur le développement,Dossiers du CAD,Éditions de l'OCDE,Économie,https://shs.cairn.info/revue-de-l-ocde-sur-le-developpement?lang=fr
REOF,Revue de l'OFCE,,OFCE,Économie,https://shs.cairn.info/revue-de-l-ofce?lang=fr
ROR,Revue de l'organisation responsable,Responsible Organization Review,ESKA,Économie; Gestion,https://shs.cairn.info/revue-de-l-organisation-responsable?lang=fr
RBNF,Revue de la BNF,,Bibliothèque nationale de France,"Arts; Info, Communication; Intérêt général",https://shs.cairn.info/revue-de-la-bibliotheque-nationale-de-france?lang=fr
RLC,Revue de littérature comparée,,Klincksieck,Littérature,https://shs.cairn.info/revue-de-litterature-comparee?lang=fr
RMM,Revue de métaphysique et de morale,,Presses Universitaires de France,Philosophie,https://shs.cairn.info/revue-de-metaphysique-et-de-morale?lang=fr
RNE,Revue de neuropsychologie,Neurosciences cognitives et cliniques,JLE,Psychologie,https://stm.cairn.info/revue-de-neuropsychologie?lang=fr
PHIL,"Revue de philologie, de littérature et d'histoire anciennes",,Klincksieck,Histoire; Littérature,https://shs.cairn.info/revue-de-philologie-litterature-et-histoire-anciennes?lang=fr
RPHA,Revue de philosophie ancienne,,Éditions Ousia,Philosophie,https://shs.cairn.info/revue-de-philosophie-ancienne?lang=fr
RPEC,Revue de philosophie économique,,Vrin,Économie; Philosophie,https://shs.cairn.info/revue-de-philosophie-economique?lang=fr
REPO,Revue de Psycho-Oncologie,,Société Française et Francophone de Psycho-Oncologie,Psychologie,https://stm.cairn.info/revue-de-psycho-oncologie?lang=fr
RPPG,Revue de psychothérapie psychanalytique de groupe,,érès,Psychologie,https://shs.cairn.info/revue-de-psychotherapie-psychanalytique-de-groupe?lang=fr
RCCPCL,Revue des Collèges de Clinique psychanalytique du Champ Lacanien,,Hermann,Psychologie,https://shs.cairn.info/revue-des-colleges-de-clinique-psychanalytique-du-champ-lacanien?lang=fr
RD2M,Revue des deux Mondes,,La revue des deux mondes,Intérêt général; Science politique,https://shs.cairn.info/revue-revue-des-deux-mondes?lang=fr
RPSF,Revue des politiques sociales et familiales,,Caisse nationale d'allocations familiales,Science politique; Sociologie; Travail social,https://shs.cairn.info/revue-des-politiques-sociales-et-familiales?lang=fr
RSPT,Revue des sciences philosophiques et théologiques,,Vrin,Philosophie; Religions et spiritualité,https://shs.cairn.info/revue-des-sciences-philosophiques-et-theologiques?lang=fr
RDL,Revue Droit & Littérature,Du Droit à la Littérature,Lextenso,Littérature,https://droit.cairn.info/revue-droit-et-litterature?lang=fr
CRIEU,Revue du Crieur,,La Découverte,Intérêt général,https://shs.cairn.info/revue-du-crieur?lang=fr
RDM1,Revue du MAUSS,,Éditions Le Bord de l'eau,Sociologie,https://shs.cairn.info/revue-du-mauss1?lang=fr
RDN1,Revue du Nord,,Université de Lille,Histoire,https://shs.cairn.info/revue-du-nord-1?lang=fr
RDNA,Revue Défense Nationale,,Comité d'études de Défense Nationale,Science politique,https://shs.cairn.info/revue-defense-nationale?lang=fr
REMI,Revue européenne des migrations internationales,,Université de Poitiers,Géographie; Science politique; Sociologie,https://shs.cairn.info/revue-europeenne-des-migrations-internationales?lang=fr
RESS,Revue européenne des sciences sociales,European Journal of Social Sciences,Librairie Droz,Sociologie,https://shs.cairn.info/revue-europeenne-des-sciences-sociales?lang=fr
RFAP,Revue française d'administration publique,,Institut national du service public,Science politique,https://droit.cairn.info/revue-francaise-d-administration-publique?lang=fr
RFHIP1,Revue Française d'Histoire des Idées Politiques,,L'Harmattan,Histoire; Science politique,https://shs.cairn.info/revue-francaise-d-histoire-des-idees-politiques?lang=fr
RFHE,Revue française d'histoire économique,,L'Harmattan,Économie; Histoire,https://shs.cairn.info/revue-francaise-d-histoire-economique?lang=fr
RFE,Revue française d'économie,,Revue française d'économie,Économie,https://shs.cairn.info/revue-francaise-d-economie?lang=fr
RFEAP,Revue française d'éthique appliquée,,érès,Philosophie,https://shs.cairn.info/revue-francaise-d-ethique-appliquee?lang=fr
RFEA,Revue française d'études américaines,,Belin,Histoire; Littérature,https://shs.cairn.info/revue-francaise-d-etudes-americaines?lang=fr
RFFP,Revue française de finances publiques,,Lextenso,Science politique,https://droit.cairn.info/revue-revue-francaise-de-finances-publiques?lang=fr
RFG,Revue française de gestion,,JLE,Gestion,https://shs.cairn.info/revue-francaise-de-gestion?lang=fr
RFLA,Revue française de linguistique appliquée,,Publications linguistiques,Linguistique; Littérature,https://shs.cairn.info/revue-francaise-de-linguistique-appliquee?lang=fr
RFP,Revue française de psychanalyse,,Presses Universitaires de France,Psychologie,https://shs.cairn.info/revue-francaise-de-psychanalyse?lang=fr
RFPS,Revue française de psychosomatique,,Presses Universitaires de France,Psychologie,https://shs.cairn.info/revue-francaise-de-psychosomatique?lang=fr
RFPED,Revue française de pédagogie,Recherches en éducation,ENS Éditions,Sciences de l'éducation,https://shs.cairn.info/revue-francaise-de-pedagogie?lang=fr
RFSP,Revue française de science politique,,Presses de Sciences Po,Science politique,https://shs.cairn.info/revue-francaise-de-science-politique?lang=fr
RFSE,Revue Française de Socio-Économie,,La Découverte,Économie; Science politique; Sociologie,https://shs.cairn.info/revue-francaise-de-socio-economie?lang=fr
RFS,Revue française de sociologie,,Presses de Sciences Po,Sociologie,https://shs.cairn.info/revue-francaise-de-sociologie?lang=fr
RFAS,Revue française des affaires sociales,,DREES Ministère de la santé,Santé publique; Sociologie; Travail social,https://shs.cairn.info/revue-francaise-des-affaires-sociales?lang=fr
RHIS,Revue historique,,Presses Universitaires de France,Histoire,https://shs.cairn.info/revue-historique?lang=fr
RHA,Revue Historique des Armées,,Service Historique de la Défense,Histoire,https://shs.cairn.info/revue-historique-des-armees?lang=fr
RIIE1,Revue internationale d'intelligence économique,,VA Éditions,Économie; Gestion; Science politique,https://shs.cairn.info/revue-internationale-d-intelligence-economique?lang=fr
RIDP,Revue internationale de droit pénal,,érès,Science politique,https://droit.cairn.info/revue-internationale-de-droit-penal?lang=fr
RIDE,Revue internationale de droit économique,,Association internationale de droit économique,Économie; Gestion,https://droit.cairn.info/revue-internationale-de-droit-economique?lang=fr
RIEF,Revue internationale de l'éducation familiale,,Centre de Recherches Éducation et Formation,Sciences de l'éducation,https://shs.cairn.info/revue-la-revue-internationale-de-l-education-familiale?lang=fr
RIP,Revue internationale de philosophie,,De Boeck Supérieur,Philosophie,https://shs.cairn.info/revue-internationale-de-philosophie?lang=fr
RIPC,Revue internationale de politique comparée,,De Boeck Supérieur,Science politique,https://shs.cairn.info/revue-internationale-de-politique-comparee?lang=fr
RIPSO,Revue internationale de psychologie sociale,,Presses universitaires de Grenoble,Psychologie,https://shs.cairn.info/revue-internationale-de-psychologie-sociale?lang=fr
RIPS1,Revue internationale de psychosociologie et de gestion des comportements organisationnels,,ESKA,Gestion; Psychologie,https://shs.cairn.info/revue-internationale-de-psychosociologie-de-gestion-des-comportements-organisationnels?lang=fr
INKA,Revue internationale de soins palliatifs,,Médecine & Hygiène,Santé publique,https://stm.cairn.info/revue-internationale-de-soins-palliatifs?lang=fr
RISA,Revue Internationale des Sciences Administratives,Revue d'Administration Publique,IISA,Gestion; Science politique,https://droit.cairn.info/revue-internationale-des-sciences-administratives?lang=fr
RISO,Revue internationale des sciences de l'organisation,,Management Prospective Éditions,Gestion,https://shs.cairn.info/revue-internationale-des-sciences-de-l-organisation?lang=fr
RISS,Revue internationale des sciences sociales,,érès,Sociologie,https://shs.cairn.info/revue-internationale-des-sciences-sociales?lang=fr
RIED,Revue internationale des études du développement,,Éditions de la Sorbonne,Économie; Géographie; Science politique,https://shs.cairn.info/revue-internationale-des-etudes-du-developpement?lang=fr
RIS,Revue internationale et stratégique,,IRIS éditions,Science politique,https://shs.cairn.info/revue-internationale-et-strategique?lang=fr
RJE,Revue juridique de l'environnement,,JLE,Géographie; Science politique,https://droit.cairn.info/revue-juridique-de-l-environnement?lang=fr
RJPA,Revue juridique et politique en Afrique,,"Centre d'études, de recherche et de publications",Science politique,https://droit.cairn.info/revue-revue-juridique-et-politique-en-afrique?lang=fr
RMI,Revue Management & Innovation,,Éditions EMI,Gestion,https://shs.cairn.info/revue-management-et-innovation?lang=fr
RPHI,Revue philosophique de la France et de l'étranger,,Presses Universitaires de France,Philosophie,https://shs.cairn.info/revue-philosophique?lang=fr
PRO,Revue Projet,Comprendre pour agir,C.E.R.A.S,Intérêt général; Sociologie,https://shs.cairn.info/revue-projet?lang=fr
RQPA,Revue Quadrilingue en Psychologie Analytique,,@RQPA,Psychologie,https://shs.cairn.info/revue-quadrilingue-en-psychologie-analytique?lang=fr
RQM,Revue Quart Monde,,ATD Quart Monde,Science politique; Sociologie; Travail social,https://shs.cairn.info/revue-quart-monde?lang=fr
SENS,Revue Sens,,Amitié Judéo-Chrétienne de France,Religions et spiritualité,https://shs.cairn.info/revue-sens?lang=fr
RTDH,Revue trimestrielle des droits de l'Homme,,Anthemis,Science politique,https://droit.cairn.info/revue-trimestrielle-des-droits-de-l-homme?lang=fr
RECO,Revue économique,,Presses de Sciences Po,Économie,https://shs.cairn.info/revue-economique?lang=fr
REVO,Revue économique de l'OCDE,,Éditions de l'OCDE,Économie,https://shs.cairn.info/revue-economique-de-l-ocde?lang=fr
RHIZ,Rhizome,,Presses de Rhizome,Psychologie,https://shs.cairn.info/revue-rhizome?lang=fr
RIMHE,"RIMHE : Revue Interdisciplinaire Management, Homme & Entreprise",Management & Human Entreprise,Association RIMHE,Gestion,https://shs.cairn.info/revue-rimhe?lang=fr
RQMS,Risques & qualité en milieu de soins,,Health & Co,Santé publique,https://stm.cairn.info/revue-risques-et-qualite-en-milieu-de-soins?lang=fr
R2050,Roman 20-50,Revue d'étude du roman des XXe et XXIe siècles,Société Roman 20-50,Littérature,https://shs.cairn.info/revue-roman2050?lang=fr
ROM,Romantisme,Revue du dix-neuvième siècle,Armand Colin,Littérature,https://shs.cairn.info/revue-romantisme?lang=fr
RDES,Rue Descartes,,Collège international de Philosophie,Philosophie,https://shs.cairn.info/revue-rue-descartes?lang=fr
RHREN,"Réforme, Humanisme, Renaissance",,"Association d'études sur la Renaissance, l'Humanisme et la Réforme",Histoire; Littérature,https://shs.cairn.info/revue-reforme-humanisme-renaissance?lang=fr
REF,Réformes économiques,,Éditions de l'OCDE,Économie,https://shs.cairn.info/revue-reformes-economiques?lang=fr
RES,Réseaux,Communication . Technologie . Société,La Découverte,"Info, Communication; Science politique; Sociologie",https://shs.cairn.info/revue-reseaux?lang=fr
SALA,Salariat,Revue de sciences sociales,Éditions du Croquant,Économie; Sociologie,https://shs.cairn.info/revue-salariat?lang=fr
SMQ,Santé mentale au Québec,,Santé mentale au Québec,Psychologie,https://stm.cairn.info/revue-sante-mentale-au-quebec?lang=fr
SPUB,Santé Publique,,S.F.S.P.,Santé publique,https://stm.cairn.info/revue-sante-publique?lang=fr
SAVA,Savoir/Agir,,Éditions du Croquant,Science politique; Sociologie; Travail social,https://shs.cairn.info/revue-savoir-agir?lang=fr
SAVO,Savoirs,Revue internationale de recherches en éducation et formation des adultes,L'Harmattan,Sciences de l'éducation,https://shs.cairn.info/revue-savoirs?lang=fr
SC,Savoirs et clinique,Revue de psychanalyse,érès,Psychologie,https://shs.cairn.info/revue-savoirs-et-cliniques?lang=fr
SAY,SAY,Intelligences économiques,Hermann,Économie; Intérêt général; Science politique,https://shs.cairn.info/revue-say?lang=fr
SAS,Sciences & Actions Sociales,,Association des Chercheurs des Organismes de la Formation et de la Recherche en Travail Social,Travail social,https://shs.cairn.info/revue-sciences-et-actions-sociales?lang=fr
SDD,Sciences du Design,,Presses Universitaires de France,"Arts; Info, Communication",https://shs.cairn.info/revue-sciences-du-design?lang=fr
SET,Sciences Eaux & Territoires,,"Institut national de recherche pour l'agriculture, l'alimentation et l'environnement",Géographie,https://stm.cairn.info/revue-sciences-eaux-et-territoires?lang=fr
SSS,Sciences sociales et santé,,JLE,Santé publique; Sociologie,https://stm.cairn.info/revue-sciences-sociales-et-sante?lang=fr
RSSS,Sciences sociales et sport,,L'Harmattan,Sport et société,https://shs.cairn.info/revue-sciences-sociales-et-sport?lang=fr
SDES,Sens-Dessous,,Éditions de l'Association Paroles,Philosophie,https://shs.cairn.info/revue-sens-dessous?lang=fr
SENSI,Sensibilités,"Histoire, critique & sciences sociales",Anamosa,Anthropologie; Histoire,https://shs.cairn.info/revue-sensibilites?lang=fr
SERVIR,Servir,,Association SERVIR - Alumni de l'ENA et de l'INSP,Science politique,https://droit.cairn.info/revue-servir?lang=fr
SESAM,Sesame,"Sciences et Société, Alimentation, Mondes agricoles et Environnement",INRAE,Géographie; Sociologie,https://stm.cairn.info/revue-sesame?lang=fr
SEXOL,Sexologies,,JLE,Psychologie; Santé publique,https://stm.cairn.info/revue-sexologies?lang=fr
SIGILA,Sigila,Revue transdisciplinaire franco-portugaise sur le secret,Gris-France,Littérature,https://shs.cairn.info/revue-sigila?lang=fr
SIMO,Sites et Monuments,,Sites & Monuments,Arts; Histoire,https://shs.cairn.info/revue-sites-et-monuments?lang=fr
GRAPH1,Sociographe,,Éditions Sociographe,Sociologie; Travail social,https://shs.cairn.info/revue-sociographe?lang=fr
SOCIO,Sociologie,,Presses Universitaires de France,Sociologie,https://shs.cairn.info/revue-sociologie?lang=fr
SOART,Sociologie de l'Art,,L'Harmattan,Arts; Sociologie,https://shs.cairn.info/revue-sociologie-de-l-art?lang=fr
SOPR1,Sociologies pratiques,,Association pour le developpement de la revue Sociologies pratiques,Gestion; Sociologie,https://shs.cairn.info/revue-sociologies-pratiques-1?lang=fr
SDR,"Société, droit et religion",,CNRS Éditions,Religions et spiritualité; Science politique,https://droit.cairn.info/revue-societe-droit-et-religion?lang=fr
SOC,Sociétés,Revue des sciences humaines et sociales,De Boeck Supérieur,Sociologie,https://shs.cairn.info/revue-societes?lang=fr
SR,Sociétés & Représentations,,Éditions de la Sorbonne,"Arts; Histoire; Info, Communication",https://shs.cairn.info/revue-societes-et-representations?lang=fr
SOCO,Sociétés contemporaines,,Presses de Sciences Po,Sociologie,https://shs.cairn.info/revue-societes-contemporaines?lang=fr
SPI,Spirale,La grande aventure de bébé,érès,Psychologie; Sciences de l'éducation,https://shs.cairn.info/revue-spirale?lang=fr
SPIR,Spirale,Revue de recherches en éducation,Association pour la Recherche en Éducation,Sciences de l'éducation,https://shs.cairn.info/revue-spirale-revue-de-recherches-en-education?lang=fr
SPEC,Spécificités,La revue des terrains sensibles,Champ social,Sciences de l'éducation; Travail social,https://shs.cairn.info/revue-specificites?lang=fr
STA,Staps,Revue internationale des sciences du sport et de l'éducation physique,De Boeck Supérieur,Sport et société,https://shs.cairn.info/revue-staps?lang=fr
STRAT,Stratégique,,Institut de Stratégie Comparée,Science politique,https://shs.cairn.info/revue-strategique?lang=fr
STUD,Studia Bruxellae,,Musées et Archives de la Ville de Bruxelles,Arts; Histoire,https://shs.cairn.info/revue-studia-bruxellae?lang=fr
SN,Sud/Nord,Folies et cultures,érès,Psychologie,https://shs.cairn.info/revue-sud-nord?lang=fr
SUDS,Suds,,Presses universitaires de Bordeaux,Géographie,https://shs.cairn.info/revue-suds?lang=fr
SS,Syntaxe & Sémantique,,Presses universitaires de Caen,Linguistique; Littérature,https://shs.cairn.info/revue-syntaxe-et-semantique?lang=fr
SIM,Systèmes d'information & management,,ESKA,"Gestion; Info, Communication",https://stm.cairn.info/revue-systemes-d-information-et-management?lang=fr
SESTR,Sécurité et stratégie,,Cercle des Directions de la Sécurité des Entreprises,Économie; Gestion; Science politique,https://shs.cairn.info/revue-securite-et-strategie?lang=fr
SECUG,Sécurité globale,,ESKA,Science politique,https://shs.cairn.info/revue-securite-globale?lang=fr
TC1,Techniques & Culture,,Éditions de l'EHESS,Anthropologie,https://shs.cairn.info/revue-techniques-et-culture?lang=fr
TFD,Techniques Financières et Développement,,Épargne sans frontière,Économie,https://shs.cairn.info/revue-techniques-financieres-et-developpement?lang=fr
TT,Terrains & travaux,,ENS Paris-Saclay,Anthropologie; Sociologie,https://shs.cairn.info/revue-terrains-et-travaux?lang=fr
IREN,The Irenaut,"Exploring the human genius for peace, charting the violence that stalks it",The Irenaut,Philosophie,https://shs.cairn.info/revue-the-irenaut?lang=fr
TF,Thérapie Familiale,Revue Internationale en Approche Systémique,Médecine & Hygiène,Psychologie,https://shs.cairn.info/revue-therapie-familiale?lang=fr
TPR,Thérapie Psychomotrice et Recherches,,Syndicat National d'Union des Psychomotriciens,Psychologie; Santé publique,https://shs.cairn.info/revue-therapie-psychomotrice-et-recherches?lang=fr
THEPU,Théâtre/Public,,Théâtre public,Arts; Littérature,https://shs.cairn.info/theatre-public?lang=fr
TIERS,Tiers,La revue de la médiation familiale,Association Pour la Médiation Familiale,Psychologie; Travail social,https://shs.cairn.info/revue-tiers?lang=fr
TOP,Topique,La psychanalyse aujourd'hui,Association Internationale Interactions,Psychologie,https://shs.cairn.info/revue-topique?lang=fr
TU,Tous urbains,,Presses Universitaires de France,Géographie; Intérêt général; Sociologie,https://shs.cairn.info/revue-tous-urbains?lang=fr
TURB,Transports urbains,"Mobilités, réseaux, territoires",Groupement pour l'Étude des Transports Urbains,Géographie,https://stm.cairn.info/revue-transports-urbains?lang=fr
TRANS,Transversalités,Revue de l'Institut Catholique de Paris,Institut Catholique de Paris,Philosophie; Religions et spiritualité,https://shs.cairn.info/revue-transversalites?lang=fr
TA,Travail et Apprentissages,,Éditions Raison et Passions,Sciences de l'éducation,https://shs.cairn.info/revue-travail-et-apprentissages?lang=fr
TE,Travail et emploi,,DARES,Économie; Sociologie,https://shs.cairn.info/revue-travail-et-emploi?lang=fr
TGS,"Travail, genre et sociétés",,La Découverte,Sociologie,https://shs.cairn.info/revue-travail-genre-et-societes?lang=fr
TRAV,Travailler,Revue internationale de Psychopathologie et de Psychodynamique du Travail,Martin Média,Psychologie,https://shs.cairn.info/revue-travailler?lang=fr
TL,Travaux de linguistique,Revue internationale de linguistique française,De Boeck Supérieur,Linguistique,https://shs.cairn.info/revue-travaux-de-linguistique?lang=fr
REPSY,Tribune psychanalytique,,Tribune psychanalytique,Psychologie,https://shs.cairn.info/tribune-psychanalytique?lang=fr
TUMU,Tumultes,,Éditions Kimé,Anthropologie; Histoire; Littérature; Philosophie; Science politique; Sociologie,https://shs.cairn.info/revue-tumultes?lang=fr
TEQU,Tèque,,Audimat Éditions,"Info, Communication",https://shs.cairn.info/revue-teque?lang=fr
TELEV,Télévision,,CNRS Éditions,"Info, Communication; Sociologie",https://shs.cairn.info/revue-television?lang=fr
VACA,Vacarme,,Association Vacarme,Intérêt général; Science politique; Sociologie,https://shs.cairn.info/revue-vacarme?lang=fr
VER,Vertigo,Revue de cinéma,Éditions Lignes,Arts,https://shs.cairn.info/revue-vertigo?lang=fr
VSE,Vie & sciences de l'entreprise,,ANDESE,Gestion,https://shs.cairn.info/revue-vie-et-sciences-de-l-entreprise?lang=fr
VSOC,Vie sociale,Cedias-Musée social,érès,Science politique; Travail social,https://shs.cairn.info/revue-vie-sociale?lang=fr
VOLU,Volume !,Recherches sur les musiques populaires,Presses universitaires de Bordeaux,"Arts; Info, Communication; Sociologie",https://shs.cairn.info/revue-volume?lang=fr
VDUR,Vraiment durable,revue interdisciplinaire du développement durable,Victoires Éditions,Économie; Science politique,https://shs.cairn.info/revue-vraiment-durable?lang=fr
VST,VST,Vie sociale et traitements - Revue des CEMEA,érès,Psychologie; Travail social,https://shs.cairn.info/revue-vie-sociale-et-traitements?lang=fr
RZ,Z : Revue itinérante d'enquête et de critique sociale,,Éditions de la dernière lettre,Intérêt général; Sociologie,https://shs.cairn.info/revue-z?lang=fr
ZIL,Zilsel,"Science, technique, société",Éditions du Croquant,Sociologie,https://shs.cairn.info/revue-zilsel?lang=fr
ECOPO1,Écologie & Politique,,Éditions Le Bord de l'eau,Géographie; Science politique; Sociologie,https://shs.cairn.info/revue-ecologie-et-politique?lang=fr
ECOP1,Économie & prévision,,Direction générale du Trésor,Économie,https://shs.cairn.info/revue-economie-et-prevision?lang=fr
ECOI,Économie internationale,La revue du CEPII,La Documentation française,Économie,https://shs.cairn.info/revue-economie-internationale?lang=fr
ECRU,Économie rurale,,Société française d'économie rurale,Économie,https://shs.cairn.info/revue-economie-rurale?lang=fr
ESRA,Écrire le social,La revue de l'AIFRIS,AIFRIS,Travail social,https://shs.cairn.info/revue-ecrire-le-social-la-revue-de-l-aifris?lang=fr
EDDI,Éducation & didactique,,Presses universitaires de Rennes,Sciences de l'éducation,https://shs.cairn.info/revue-education-et-didactique?lang=fr
EDFO,Éducation & formations,,DEPP – MENJ / SIES – MESR,Sciences de l'éducation,https://shs.cairn.info/revue-education-et-formations?lang=fr
ES,Éducation et Sociétés,Revue internationale de sociologie de l'éducation,De Boeck Supérieur,Sciences de l'éducation; Sociologie,https://shs.cairn.info/revue-education-et-societes?lang=fr
EDPE,Éducation Permanente,,Éducation Permanente,Gestion; Sciences de l'éducation,https://shs.cairn.info/revue-education-permanente?lang=fr
ETP,Éducation thérapeutique du patient / Therapeutic patient education,,EDP Sciences,Santé publique,https://stm.cairn.info/revue-education-therapeutique-du-patient?lang=fr
ELA,Éla. Études de linguistique appliquée,Revue de didactologie des langues-cultures,Klincksieck,Linguistique,https://shs.cairn.info/revue-ela?lang=fr
ELMA,Élucidations managériales,,École de Paris du management,Gestion,https://shs.cairn.info/revue-elucidations-manageriales?lang=fr
ETU,Études,Revue de culture contemporaine,S.E.R.,Intérêt général,https://shs.cairn.info/revue-etudes?lang=fr
ETAN,Études anglaises,,Klincksieck,Littérature,https://shs.cairn.info/revue-etudes-anglaises?lang=fr
BALKA,Études Balkaniques,Cahiers Pierre Belon,Association Pierre Belon,Histoire,https://shs.cairn.info/revue-etudes-balkaniques-cahiers-pierre-belon?lang=fr
EDC,Études de communication,,Université de Lille,"Info, Communication",https://shs.cairn.info/revue-etudes-de-communication?lang=fr
DURK,Études Durkheimiennes,,Berghahn Books,Sociologie,https://shs.cairn.info/revue-etudes-durkheimiennes?lang=fr
EDB,Études et Documents Berbères,,La Boite à Documents,Linguistique; Littérature,https://shs.cairn.info/revue-etudes-et-documents-berberes?lang=fr
EFRC,Études françaises de renseignement et de cyber,,Presses Universitaires de France,Science politique,https://shs.cairn.info/revue-etudes-francaises-de-renseignement-et-de-cyber?lang=fr
EGER,Études Germaniques,,Klincksieck,Littérature,https://shs.cairn.info/revue-etudes-germaniques?lang=fr
ETRU,Études rurales,,Éditions de l'EHESS,Géographie; Sociologie,https://shs.cairn.info/revue-etudes-rurales?lang=fr
ESLM,Études sur la mort,Thanatologie,Centre International des Etudes sur la Mort,Psychologie,https://shs.cairn.info/revue-etudes-sur-la-mort?lang=fr
ETR,Études théologiques et religieuses,,Institut protestant de théologie,Religions et spiritualité,https://shs.cairn.info/revue-etudes-theologiques-et-religieuses?lang=fr
ETTH,Études théâtrales,,L'Harmattan,Arts; Littérature,https://shs.cairn.info/revue-etudes-theatrales?lang=fr
TSIG,Études Tsiganes,,FNASAT,Anthropologie; Sociologie,https://shs.cairn.info/revue-etudes-tsiganes?lang=fr
EE,Études économiques de l'OCDE,,Éditions de l'OCDE,Économie,https://shs.cairn.info/revue-etudes-economiques-de-l-ocde?lang=fr
